{
  "variants": {
    "facing=east,half=bottom,shape=straight": [
      {
        "model": "block/dark_oak_stairs",
        "weight": 6
      },
      {
        "model": "block/dark_oak_stairs1",
        "weight": 1
      },
      {
        "model": "block/dark_oak_stairs2",
        "weight": 1
      },
      {
        "model": "block/dark_oak_stairs3",
        "weight": 1
      },
      {
        "model": "block/dark_oak_stairs4",
        "weight": 1
      }
    ],
    "facing=west,half=bottom,shape=straight": [
      {
        "model": "block/dark_oak_stairs",
        "y": 180,
        "uvlock": false,
        "weight": 6
      },
      {
        "model": "block/dark_oak_stairs1",
        "y": 180,
        "uvlock": false,
        "weight": 1
      },
      {
        "model": "block/dark_oak_stairs2",
        "y": 180,
        "uvlock": false,
        "weight": 1
      },
      {
        "model": "block/dark_oak_stairs3",
        "y": 180,
        "uvlock": false,
        "weight": 1
      },
      {
        "model": "block/dark_oak_stairs4",
        "y": 180,
        "uvlock": false,
        "weight": 1
      }
    ],
    "facing=south,half=bottom,shape=straight": [
      {
        "model": "block/dark_oak_stairs",
        "y": 90,
        "uvlock": false,
        "weight": 6
      },
      {
        "model": "block/dark_oak_stairs1",
        "y": 90,
        "uvlock": false,
        "weight": 1
      },
      {
        "model": "block/dark_oak_stairs2",
        "y": 90,
        "uvlock": false,
        "weight": 1
      },
      {
        "model": "block/dark_oak_stairs3",
        "y": 90,
        "uvlock": false,
        "weight": 1
      },
      {
        "model": "block/dark_oak_stairs4",
        "y": 90,
        "uvlock": false,
        "weight": 1
      }
    ],
    "facing=north,half=bottom,shape=straight": [
      {
        "model": "block/dark_oak_stairs",
        "y": 270,
        "uvlock": false,
        "weight": 6
      },
      {
        "model": "block/dark_oak_stairs1",
        "y": 270,
        "uvlock": false,
        "weight": 1
      },
      {
        "model": "block/dark_oak_stairs2",
        "y": 270,
        "uvlock": false,
        "weight": 1
      },
      {
        "model": "block/dark_oak_stairs3",
        "y": 270,
        "uvlock": false,
        "weight": 1
      },
      {
        "model": "block/dark_oak_stairs4",
        "y": 270,
        "uvlock": false,
        "weight": 1
      }
    ],
    "facing=east,half=bottom,shape=outer_right": {
      "model": "block/dark_oak_stairs_outer"
    },
    "facing=west,half=bottom,shape=outer_right": {
      "model": "block/dark_oak_stairs_outer",
      "y": 180,
      "uvlock": false
    },
    "facing=south,half=bottom,shape=outer_right": {
      "model": "block/dark_oak_stairs_outer",
      "y": 90,
      "uvlock": false
    },
    "facing=north,half=bottom,shape=outer_right": {
      "model": "block/dark_oak_stairs_outer",
      "y": 270,
      "uvlock": false
    },
    "facing=east,half=bottom,shape=outer_left": {
      "model": "block/dark_oak_stairs_outer",
      "y": 270,
      "uvlock": false
    },
    "facing=west,half=bottom,shape=outer_left": {
      "model": "block/dark_oak_stairs_outer",
      "y": 90,
      "uvlock": false
    },
    "facing=south,half=bottom,shape=outer_left": {
      "model": "block/dark_oak_stairs_outer"
    },
    "facing=north,half=bottom,shape=outer_left": {
      "model": "block/dark_oak_stairs_outer",
      "y": 180,
      "uvlock": false
    },
    "facing=east,half=bottom,shape=inner_right": {
      "model": "block/dark_oak_stairs_inner"
    },
    "facing=west,half=bottom,shape=inner_right": {
      "model": "block/dark_oak_stairs_inner",
      "y": 180,
      "uvlock": false
    },
    "facing=south,half=bottom,shape=inner_right": {
      "model": "block/dark_oak_stairs_inner",
      "y": 90,
      "uvlock": false
    },
    "facing=north,half=bottom,shape=inner_right": {
      "model": "block/dark_oak_stairs_inner",
      "y": 270,
      "uvlock": false
    },
    "facing=east,half=bottom,shape=inner_left": {
      "model": "block/dark_oak_stairs_inner",
      "y": 270,
      "uvlock": false
    },
    "facing=west,half=bottom,shape=inner_left": {
      "model": "block/dark_oak_stairs_inner",
      "y": 90,
      "uvlock": false
    },
    "facing=south,half=bottom,shape=inner_left": {
      "model": "block/dark_oak_stairs_inner"
    },
    "facing=north,half=bottom,shape=inner_left": {
      "model": "block/dark_oak_stairs_inner",
      "y": 180,
      "uvlock": false
    },
    "facing=east,half=top,shape=straight": {
      "model": "block/dark_oak_stairs",
      "x": 180,
      "uvlock": false
    },
    "facing=west,half=top,shape=straight": {
      "model": "block/dark_oak_stairs",
      "x": 180,
      "y": 180,
      "uvlock": false
    },
    "facing=south,half=top,shape=straight": {
      "model": "block/dark_oak_stairs",
      "x": 180,
      "y": 90,
      "uvlock": false
    },
    "facing=north,half=top,shape=straight": {
      "model": "block/dark_oak_stairs",
      "x": 180,
      "y": 270,
      "uvlock": false
    },
    "facing=east,half=top,shape=outer_right": {
      "model": "block/dark_oak_stairs_outer",
      "x": 180,
      "y": 90,
      "uvlock": false
    },
    "facing=west,half=top,shape=outer_right": {
      "model": "block/dark_oak_stairs_outer",
      "x": 180,
      "y": 270,
      "uvlock": false
    },
    "facing=south,half=top,shape=outer_right": {
      "model": "block/dark_oak_stairs_outer",
      "x": 180,
      "y": 180,
      "uvlock": false
    },
    "facing=north,half=top,shape=outer_right": {
      "model": "block/dark_oak_stairs_outer",
      "x": 180,
      "uvlock": false
    },
    "facing=east,half=top,shape=outer_left": {
      "model": "block/dark_oak_stairs_outer",
      "x": 180,
      "uvlock": false
    },
    "facing=west,half=top,shape=outer_left": {
      "model": "block/dark_oak_stairs_outer",
      "x": 180,
      "y": 180,
      "uvlock": false
    },
    "facing=south,half=top,shape=outer_left": {
      "model": "block/dark_oak_stairs_outer",
      "x": 180,
      "y": 90,
      "uvlock": false
    },
    "facing=north,half=top,shape=outer_left": {
      "model": "block/dark_oak_stairs_outer",
      "x": 180,
      "y": 270,
      "uvlock": false
    },
    "facing=east,half=top,shape=inner_right": {
      "model": "block/dark_oak_stairs_inner",
      "x": 180,
      "y": 90,
      "uvlock": false
    },
    "facing=west,half=top,shape=inner_right": {
      "model": "block/dark_oak_stairs_inner",
      "x": 180,
      "y": 270,
      "uvlock": false
    },
    "facing=south,half=top,shape=inner_right": {
      "model": "block/dark_oak_stairs_inner",
      "x": 180,
      "y": 180,
      "uvlock": false
    },
    "facing=north,half=top,shape=inner_right": {
      "model": "block/dark_oak_stairs_inner",
      "x": 180,
      "uvlock": false
    },
    "facing=east,half=top,shape=inner_left": {
      "model": "block/dark_oak_stairs_inner",
      "x": 180,
      "uvlock": false
    },
    "facing=west,half=top,shape=inner_left": {
      "model": "block/dark_oak_stairs_inner",
      "x": 180,
      "y": 180,
      "uvlock": false
    },
    "facing=south,half=top,shape=inner_left": {
      "model": "block/dark_oak_stairs_inner",
      "x": 180,
      "y": 90,
      "uvlock": false
    },
    "facing=north,half=top,shape=inner_left": {
      "model": "block/dark_oak_stairs_inner",
      "x": 180,
      "y": 270,
      "uvlock": false
    }
  }
}
