{
  "variants": {
    "half=bottom": [
      {
        "model": "block/half_slab_dark_oak",
        "weight": 6
      },
      {
        "model": "block/half_slab_dark_oak1",
        "weight": 1
      },
      {
        "model": "block/half_slab_dark_oak2",
        "weight": 1
      },
      {
        "model": "block/half_slab_dark_oak3",
        "weight": 1
      },
      {
        "model": "block/half_slab_dark_oak4",
        "weight": 1
      }
    ],
    "half=top": [
      {
        "model": "block/upper_slab_dark_oak",
        "weight": 6
      },
      {
        "model": "block/upper_slab_dark_oak1",
        "weight": 1
      },
      {
        "model": "block/upper_slab_dark_oak2",
        "weight": 1
      },
      {
        "model": "block/upper_slab_dark_oak3",
        "weight": 1
      },
      {
        "model": "block/upper_slab_dark_oak4",
        "weight": 1
      }
    ]
  }
}
