{
  "variants": {
    "contents=empty": {
      "model": "block/flower_pot"
    },
    "contents=rose": {
      "model": "block/flower_pot_rose"
    },
    "contents=blue_orchid": {
      "model": "block/flower_pot_orchid"
    },
    "contents=allium": {
      "model": "block/flower_pot_allium"
    },
    "contents=houstonia": {
      "model": "block/flower_pot_houstonia"
    },
    "contents=red_tulip": {
      "model": "block/flower_pot_tulip_red"
    },
    "contents=orange_tulip": {
      "model": "block/flower_pot_tulip_orange"
    },
    "contents=white_tulip": {
      "model": "block/flower_pot_tulip_white"
    },
    "contents=pink_tulip": {
      "model": "block/flower_pot_tulip_pink"
    },
    "contents=oxeye_daisy": {
      "model": "block/flower_pot_daisy"
    },
    "contents=dandelion": {
      "model": "block/flower_pot_dandelion"
    },
    "contents=oak_sapling": [
      {
        "model": "block/flower_pot_oak"
      },
      {
        "model": "block/flower_pot_oak",
        "y": 90
      },
      {
        "model": "block/flower_pot_oak",
        "y": 180
      },
      {
        "model": "block/flower_pot_oak",
        "y": 270
      },
      {
        "model": "block/flower_pot_oak2"
      },
      {
        "model": "block/flower_pot_oak2",
        "y": 90
      },
      {
        "model": "block/flower_pot_oak2",
        "y": 180
      },
      {
        "model": "block/flower_pot_oak2",
        "y": 270
      }
    ],
    "contents=spruce_sapling": {
      "model": "block/flower_pot_spruce"
    },
    "contents=birch_sapling": {
      "model": "block/flower_pot_birch"
    },
    "contents=jungle_sapling": {
      "model": "block/flower_pot_jungle"
    },
    "contents=acacia_sapling": {
      "model": "block/flower_pot_acacia"
    },
    "contents=dark_oak_sapling": {
      "model": "block/flower_pot_dark_oak"
    },
    "contents=mushroom_red": {
      "model": "block/flower_pot_mushroom_red"
    },
    "contents=mushroom_brown": {
      "model": "block/flower_pot_mushroom_brown"
    },
    "contents=dead_bush": {
      "model": "block/flower_pot_dead_bush"
    },
    "contents=fern": {
      "model": "block/flower_pot_fern"
    },
    "contents=cactus": {
      "model": "block/flower_pot_cactus"
    }
  }
}
