{
  "variants": {
    "age=0,facing=up": {
      "model": "block/melon_stem_growth0"
    },
    "age=1,facing=up": {
      "model": "block/melon_stem_growth1"
    },
    "age=2,facing=up": {
      "model": "block/melon_stem_growth2"
    },
    "age=3,facing=up": {
      "model": "block/melon_stem_growth3"
    },
    "age=4,facing=up": {
      "model": "block/melon_stem_growth4"
    },
    "age=5,facing=up": {
      "model": "block/melon_stem_growth5"
    },
    "age=6,facing=up": {
      "model": "block/melon_stem_growth6"
    },
    "age=7,facing=up": {
      "model": "block/melon_stem_growth7"
    },
    "facing=west": {
      "model": "block/melon_stem_fruit"
    },
    "facing=east": {
      "model": "block/melon_stem_fruit",
      "y": 180
    },
    "facing=north": {
      "model": "block/melon_stem_fruit",
      "y": 90
    },
    "facing=south": {
      "model": "block/melon_stem_fruit",
      "y": 270
    }
  }
}
