{
  "variants": {
    "shape=north_south": {
      "model": "block/normal_rail_flat"
    },
    "shape=east_west": {
      "model": "block/normal_rail_flat",
      "y": 90
    },
    "shape=ascending_east": {
      "model": "block/normal_rail_raised_ne",
      "y": 90
    },
    "shape=ascending_west": {
      "model": "block/normal_rail_raised_sw",
      "y": 90
    },
    "shape=ascending_north": {
      "model": "block/normal_rail_raised_ne"
    },
    "shape=ascending_south": {
      "model": "block/normal_rail_raised_sw"
    },
    "shape=south_east": {
      "model": "block/normal_rail_curved"
    },
    "shape=south_west": {
      "model": "block/normal_rail_curved",
      "y": 90
    },
    "shape=north_west": {
      "model": "block/normal_rail_curved",
      "y": 180
    },
    "shape=north_east": {
      "model": "block/normal_rail_curved",
      "y": 270
    }
  }
}
