{
    "multipart": [
        {   "when": { "north": true },
            "apply": { "model": "red_stained_glass_pane_side" }
        },
        {   "when": { "east": true },
            "apply": { "model": "red_stained_glass_pane_side", "y": 90 }
        },
        {   "when": { "south": true },
            "apply": { "model": "red_stained_glass_pane_side", "y": 180 }
        },
        {   "when": { "west": true },
            "apply": { "model": "red_stained_glass_pane_side", "y": 270 }
        }
    ]
}
