{
  "textures": {
    "particle": "block/lantern",
    "texture": "block/lantern"
  },
  "elements": [
    {
      "__comment": "Center_post",
      "from": [
        6.5,
        10,
        6.5
      ],
      "to": [
        9.5,
        11.5,
        9.5
      ],
      "faces": {
        "up": {
          "uv": [
            2.5,
            2.5,
            5.5,
            5.5
          ],
          "texture": "#texture"
        },
        "north": {
          "uv": [
            10.5,
            6.5,
            13.5,
            8
          ],
          "texture": "#texture"
        },
        "south": {
          "uv": [
            10.5,
            6.5,
            13.5,
            8
          ],
          "texture": "#texture"
        },
        "west": {
          "uv": [
            10.5,
            6.5,
            13.5,
            8
          ],
          "texture": "#texture"
        },
        "east": {
          "uv": [
            10.5,
            6.5,
            13.5,
            8
          ],
          "texture": "#texture"
        }
      }
    },
    {
      "from": [
        4,
        2,
        4
      ],
      "to": [
        12,
        10,
        12
      ],
      "faces": {
        "down": {
          "uv": [
            16,
            16,
            8,
            8
          ],
          "texture": "#texture"
        },
        "up": {
          "uv": [
            8,
            8,
            16,
            16
          ],
          "texture": "#texture"
        },
        "north": {
          "uv": [
            8,
            8,
            16,
            16
          ],
          "texture": "#texture"
        },
        "south": {
          "uv": [
            8,
            8,
            16,
            16
          ],
          "texture": "#texture"
        },
        "west": {
          "uv": [
            8,
            8,
            16,
            16
          ],
          "texture": "#texture"
        },
        "east": {
          "uv": [
            8,
            8,
            16,
            16
          ],
          "texture": "#texture"
        }
      }
    },
    {
      "from": [
        7.5,
        11.5,
        7.5
      ],
      "to": [
        8.5,
        16,
        8.5
      ],
      "faces": {
        "up": {
          "uv": [
            15,
            0,
            16,
            1
          ],
          "texture": "#texture"
        },
        "north": {
          "uv": [
            15,
            0,
            16,
            4.5
          ],
          "texture": "#texture"
        },
        "south": {
          "uv": [
            15,
            0,
            16,
            4.5
          ],
          "texture": "#texture"
        },
        "west": {
          "uv": [
            15,
            0,
            16,
            4.5
          ],
          "texture": "#texture"
        },
        "east": {
          "uv": [
            15,
            0,
            16,
            4.5
          ],
          "texture": "#texture"
        }
      }
    },
    {
      "from": [
        6.5,
        0.5,
        6.5
      ],
      "to": [
        9.5,
        2,
        9.5
      ],
      "faces": {
        "down": {
          "uv": [
            5.5,
            5.5,
            2.5,
            2.5
          ],
          "texture": "#texture"
        },
        "north": {
          "uv": [
            10.5,
            6.5,
            13.5,
            8
          ],
          "texture": "#texture"
        },
        "south": {
          "uv": [
            10.5,
            6.5,
            13.5,
            8
          ],
          "texture": "#texture"
        },
        "west": {
          "uv": [
            10.5,
            6.5,
            13.5,
            8
          ],
          "texture": "#texture"
        },
        "east": {
          "uv": [
            10.5,
            6.5,
            13.5,
            8
          ],
          "texture": "#texture"
        }
      }
    },
    {
      "from": [
        7.5,
        13,
        0
      ],
      "to": [
        8.5,
        14,
        7.5
      ],
      "faces": {
        "down": {
          "uv": [
            16,
            7.5,
            15,
            0
          ],
          "texture": "#texture"
        },
        "up": {
          "uv": [
            15,
            0,
            16,
            7.5
          ],
          "texture": "#texture"
        },
        "north": {
          "uv": [
            15,
            0,
            16,
            1
          ],
          "texture": "#texture"
        },
        "west": {
          "uv": [
            0,
            15,
            7.5,
            16
          ],
          "texture": "#texture"
        },
        "east": {
          "uv": [
            0,
            15,
            7.5,
            16
          ],
          "texture": "#texture"
        }
      }
    }
  ]
}
