{
  "__comment": "Designed_by_Alanbecker_with_Cubik_Studio_-_https://cubik.studio",
  "textures": {
    "particle": "block/ceiling_lamp",
    "texture": "block/ceiling_lamp"
  },
  "elements": [
    {
      "__comment": "Box4",
      "from": [
        7.5,
        3,
        7.5
      ],
      "to": [
        8.5,
        16,
        8.5
      ],
      "faces": {
        "down": {
          "uv": [
            8,
            0,
            8.5,
            0.5
          ],
          "texture": "#texture"
        },
        "up": {
          "uv": [
            8,
            0,
            8.5,
            0.5
          ],
          "texture": "#texture"
        },
        "north": {
          "uv": [
            8,
            0,
            8.5,
            8
          ],
          "texture": "#texture"
        },
        "south": {
          "uv": [
            8,
            0,
            8.5,
            8
          ],
          "texture": "#texture"
        },
        "west": {
          "uv": [
            8,
            0,
            8.5,
            8
          ],
          "texture": "#texture"
        },
        "east": {
          "uv": [
            8,
            0,
            8.5,
            8
          ],
          "texture": "#texture"
        }
      }
    },
    {
      "__comment": "PlaneX1",
      "from": [
        -5,
        3,
        7.999
      ],
      "to": [
        8,
        16,
        8
      ],
      "rotation": {
        "origin": [
          8,
          3,
          8
        ],
        "axis": "y",
        "angle": -45
      },
      "faces": {
        "north": {
          "uv": [
            0,
            0,
            8,
            8
          ],
          "texture": "#texture"
        },
        "south": {
          "uv": [
            8,
            0,
            0,
            8
          ],
          "texture": "#texture"
        }
      }
    },
    {
      "__comment": "PlaneX1",
      "from": [
        8,
        3,
        8
      ],
      "to": [
        21,
        16,
        8.001
      ],
      "rotation": {
        "origin": [
          8,
          3,
          8
        ],
        "axis": "y",
        "angle": -45
      },
      "faces": {
        "north": {
          "uv": [
            8,
            0,
            0,
            8
          ],
          "texture": "#texture"
        },
        "south": {
          "uv": [
            0,
            0,
            8,
            8
          ],
          "texture": "#texture"
        }
      }
    },
    {
      "__comment": "PlaneX1",
      "from": [
        8,
        3,
        8
      ],
      "to": [
        21,
        16,
        8.001
      ],
      "rotation": {
        "origin": [
          8,
          3,
          8
        ],
        "axis": "y",
        "angle": 45
      },
      "faces": {
        "north": {
          "uv": [
            8,
            0,
            0,
            8
          ],
          "texture": "#texture"
        },
        "south": {
          "uv": [
            0,
            0,
            8,
            8
          ],
          "texture": "#texture"
        }
      }
    },
    {
      "__comment": "PlaneX1",
      "from": [
        -5,
        3,
        7.999
      ],
      "to": [
        8,
        16,
        8
      ],
      "rotation": {
        "origin": [
          8,
          3,
          8
        ],
        "axis": "y",
        "angle": 45
      },
      "faces": {
        "north": {
          "uv": [
            0,
            0,
            8,
            8
          ],
          "texture": "#texture"
        },
        "south": {
          "uv": [
            8,
            0,
            0,
            8
          ],
          "texture": "#texture"
        }
      }
    },
    {
      "__comment": "PlaneX10",
      "from": [
        5,
        0,
        0
      ],
      "to": [
        5.001,
        6,
        5
      ],
      "faces": {
        "west": {
          "uv": [
            12,
            4,
            16,
            8
          ],
          "texture": "#texture"
        },
        "east": {
          "uv": [
            12,
            4,
            16,
            8
          ],
          "texture": "#texture"
        }
      }
    },
    {
      "__comment": "PlaneZ11",
      "from": [
        0,
        0,
        0
      ],
      "to": [
        5,
        6,
        0.001
      ],
      "faces": {
        "north": {
          "uv": [
            12,
            4,
            16,
            8
          ],
          "texture": "#texture"
        },
        "south": {
          "uv": [
            12,
            4,
            16,
            8
          ],
          "texture": "#texture"
        }
      }
    },
    {
      "__comment": "Box13",
      "from": [
        1.5,
        3,
        12.5
      ],
      "to": [
        3.5,
        5.5,
        14.5
      ],
      "faces": {
        "down": {
          "uv": [
            12,
            8,
            14,
            10
          ],
          "texture": "#texture"
        },
        "up": {
          "uv": [
            12,
            8,
            14,
            10
          ],
          "texture": "#texture"
        },
        "north": {
          "uv": [
            12,
            8,
            14,
            10
          ],
          "texture": "#texture"
        },
        "south": {
          "uv": [
            12,
            8,
            14,
            10
          ],
          "texture": "#texture"
        },
        "west": {
          "uv": [
            12,
            8,
            14,
            10
          ],
          "texture": "#texture"
        },
        "east": {
          "uv": [
            12,
            8,
            14,
            10
          ],
          "texture": "#texture"
        }
      }
    },
    {
      "__comment": "PlaneY14",
      "from": [
        11,
        6,
        0
      ],
      "to": [
        16,
        6.001,
        5
      ],
      "faces": {
        "down": {
          "uv": [
            12,
            0,
            16,
            4
          ],
          "texture": "#texture"
        },
        "up": {
          "uv": [
            12,
            0,
            16,
            4
          ],
          "texture": "#texture"
        }
      }
    },
    {
      "__comment": "PlaneX10",
      "from": [
        0,
        0,
        11
      ],
      "to": [
        0.001,
        6,
        16
      ],
      "faces": {
        "west": {
          "uv": [
            12,
            4,
            16,
            8
          ],
          "texture": "#texture"
        },
        "east": {
          "uv": [
            12,
            4,
            16,
            8
          ],
          "texture": "#texture"
        }
      }
    },
    {
      "__comment": "PlaneZ11",
      "from": [
        11,
        0,
        0
      ],
      "to": [
        16,
        6,
        0.001
      ],
      "faces": {
        "north": {
          "uv": [
            12,
            4,
            16,
            8
          ],
          "texture": "#texture"
        },
        "south": {
          "uv": [
            12,
            4,
            16,
            8
          ],
          "texture": "#texture"
        }
      }
    },
    {
      "__comment": "PlaneY14",
      "from": [
        0,
        6,
        0
      ],
      "to": [
        5,
        6.001,
        5
      ],
      "faces": {
        "down": {
          "uv": [
            12,
            0,
            16,
            4
          ],
          "texture": "#texture"
        },
        "up": {
          "uv": [
            12,
            0,
            16,
            4
          ],
          "texture": "#texture"
        }
      }
    },
    {
      "__comment": "PlaneY14",
      "from": [
        0,
        6,
        11
      ],
      "to": [
        5,
        6.001,
        16
      ],
      "faces": {
        "down": {
          "uv": [
            12,
            0,
            16,
            4
          ],
          "texture": "#texture"
        },
        "up": {
          "uv": [
            12,
            0,
            16,
            4
          ],
          "texture": "#texture"
        }
      }
    },
    {
      "__comment": "PlaneY14",
      "from": [
        11,
        6,
        11
      ],
      "to": [
        16,
        6.001,
        16
      ],
      "faces": {
        "down": {
          "uv": [
            12,
            0,
            16,
            4
          ],
          "texture": "#texture"
        },
        "up": {
          "uv": [
            12,
            0,
            16,
            4
          ],
          "texture": "#texture"
        }
      }
    },
    {
      "__comment": "PlaneX10",
      "from": [
        0,
        0,
        0
      ],
      "to": [
        0.001,
        6,
        5
      ],
      "faces": {
        "west": {
          "uv": [
            12,
            4,
            16,
            8
          ],
          "texture": "#texture"
        },
        "east": {
          "uv": [
            12,
            4,
            16,
            8
          ],
          "texture": "#texture"
        }
      }
    },
    {
      "__comment": "PlaneX10",
      "from": [
        0,
        0,
        0
      ],
      "to": [
        0.001,
        6,
        5
      ],
      "faces": {
        "west": {
          "uv": [
            12,
            4,
            16,
            8
          ],
          "texture": "#texture"
        },
        "east": {
          "uv": [
            12,
            4,
            16,
            8
          ],
          "texture": "#texture"
        }
      }
    },
    {
      "__comment": "PlaneX10",
      "from": [
        11,
        0,
        0
      ],
      "to": [
        11.001,
        6,
        5
      ],
      "faces": {
        "west": {
          "uv": [
            12,
            4,
            16,
            8
          ],
          "texture": "#texture"
        },
        "east": {
          "uv": [
            12,
            4,
            16,
            8
          ],
          "texture": "#texture"
        }
      }
    },
    {
      "__comment": "PlaneX10",
      "from": [
        16,
        0,
        0
      ],
      "to": [
        16.001,
        6,
        5
      ],
      "faces": {
        "west": {
          "uv": [
            12,
            4,
            16,
            8
          ],
          "texture": "#texture"
        },
        "east": {
          "uv": [
            12,
            4,
            16,
            8
          ],
          "texture": "#texture"
        }
      }
    },
    {
      "__comment": "PlaneX10",
      "from": [
        16,
        0,
        11
      ],
      "to": [
        16.001,
        6,
        16
      ],
      "faces": {
        "west": {
          "uv": [
            12,
            4,
            16,
            8
          ],
          "texture": "#texture"
        },
        "east": {
          "uv": [
            12,
            4,
            16,
            8
          ],
          "texture": "#texture"
        }
      }
    },
    {
      "__comment": "PlaneX10",
      "from": [
        11,
        0,
        11
      ],
      "to": [
        11.001,
        6,
        16
      ],
      "faces": {
        "west": {
          "uv": [
            12,
            4,
            16,
            8
          ],
          "texture": "#texture"
        },
        "east": {
          "uv": [
            12,
            4,
            16,
            8
          ],
          "texture": "#texture"
        }
      }
    },
    {
      "__comment": "PlaneX10",
      "from": [
        5,
        0,
        11
      ],
      "to": [
        5.001,
        6,
        16
      ],
      "faces": {
        "west": {
          "uv": [
            12,
            4,
            16,
            8
          ],
          "texture": "#texture"
        },
        "east": {
          "uv": [
            12,
            4,
            16,
            8
          ],
          "texture": "#texture"
        }
      }
    },
    {
      "__comment": "PlaneZ11",
      "from": [
        0,
        0,
        5
      ],
      "to": [
        5,
        6,
        5.001
      ],
      "faces": {
        "north": {
          "uv": [
            12,
            4,
            16,
            8
          ],
          "texture": "#texture"
        },
        "south": {
          "uv": [
            12,
            4,
            16,
            8
          ],
          "texture": "#texture"
        }
      }
    },
    {
      "__comment": "PlaneZ11",
      "from": [
        0,
        0,
        11
      ],
      "to": [
        5,
        6,
        11.001
      ],
      "faces": {
        "north": {
          "uv": [
            12,
            4,
            16,
            8
          ],
          "texture": "#texture"
        },
        "south": {
          "uv": [
            12,
            4,
            16,
            8
          ],
          "texture": "#texture"
        }
      }
    },
    {
      "__comment": "PlaneZ11",
      "from": [
        0,
        0,
        16
      ],
      "to": [
        5,
        6,
        16.001
      ],
      "faces": {
        "north": {
          "uv": [
            12,
            4,
            16,
            8
          ],
          "texture": "#texture"
        },
        "south": {
          "uv": [
            12,
            4,
            16,
            8
          ],
          "texture": "#texture"
        }
      }
    },
    {
      "__comment": "PlaneZ11",
      "from": [
        11,
        0,
        16
      ],
      "to": [
        16,
        6,
        16.001
      ],
      "faces": {
        "north": {
          "uv": [
            12,
            4,
            16,
            8
          ],
          "texture": "#texture"
        },
        "south": {
          "uv": [
            12,
            4,
            16,
            8
          ],
          "texture": "#texture"
        }
      }
    },
    {
      "__comment": "PlaneZ11",
      "from": [
        11,
        0,
        11
      ],
      "to": [
        16,
        6,
        11.001
      ],
      "faces": {
        "north": {
          "uv": [
            12,
            4,
            16,
            8
          ],
          "texture": "#texture"
        },
        "south": {
          "uv": [
            12,
            4,
            16,
            8
          ],
          "texture": "#texture"
        }
      }
    },
    {
      "__comment": "PlaneZ11",
      "from": [
        11,
        0,
        5
      ],
      "to": [
        16,
        6,
        5.001
      ],
      "faces": {
        "north": {
          "uv": [
            12,
            4,
            16,
            8
          ],
          "texture": "#texture"
        },
        "south": {
          "uv": [
            12,
            4,
            16,
            8
          ],
          "texture": "#texture"
        }
      }
    },
    {
      "__comment": "Box13",
      "from": [
        1.5,
        3,
        1.5
      ],
      "to": [
        3.5,
        5.5,
        3.5
      ],
      "faces": {
        "down": {
          "uv": [
            12,
            8,
            14,
            10
          ],
          "texture": "#texture"
        },
        "up": {
          "uv": [
            12,
            8,
            14,
            10
          ],
          "texture": "#texture"
        },
        "north": {
          "uv": [
            12,
            8,
            14,
            10
          ],
          "texture": "#texture"
        },
        "south": {
          "uv": [
            12,
            8,
            14,
            10
          ],
          "texture": "#texture"
        },
        "west": {
          "uv": [
            12,
            8,
            14,
            10
          ],
          "texture": "#texture"
        },
        "east": {
          "uv": [
            12,
            8,
            14,
            10
          ],
          "texture": "#texture"
        }
      }
    },
    {
      "__comment": "Box13",
      "from": [
        12.5,
        3,
        1.5
      ],
      "to": [
        14.5,
        5.5,
        3.5
      ],
      "faces": {
        "down": {
          "uv": [
            12,
            8,
            14,
            10
          ],
          "texture": "#texture"
        },
        "up": {
          "uv": [
            12,
            8,
            14,
            10
          ],
          "texture": "#texture"
        },
        "north": {
          "uv": [
            12,
            8,
            14,
            10
          ],
          "texture": "#texture"
        },
        "south": {
          "uv": [
            12,
            8,
            14,
            10
          ],
          "texture": "#texture"
        },
        "west": {
          "uv": [
            12,
            8,
            14,
            10
          ],
          "texture": "#texture"
        },
        "east": {
          "uv": [
            12,
            8,
            14,
            10
          ],
          "texture": "#texture"
        }
      }
    },
    {
      "__comment": "Box13",
      "from": [
        12.5,
        3,
        12.5
      ],
      "to": [
        14.5,
        5.5,
        14.5
      ],
      "faces": {
        "down": {
          "uv": [
            12,
            8,
            14,
            10
          ],
          "texture": "#texture"
        },
        "up": {
          "uv": [
            12,
            8,
            14,
            10
          ],
          "texture": "#texture"
        },
        "north": {
          "uv": [
            12,
            8,
            14,
            10
          ],
          "texture": "#texture"
        },
        "south": {
          "uv": [
            12,
            8,
            14,
            10
          ],
          "texture": "#texture"
        },
        "west": {
          "uv": [
            12,
            8,
            14,
            10
          ],
          "texture": "#texture"
        },
        "east": {
          "uv": [
            12,
            8,
            14,
            10
          ],
          "texture": "#texture"
        }
      }
    }
  ],
  "display": {
    "thirdperson_righthand": {
      "rotation": [
        75,
        45,
        0
      ],
      "translation": [
        0,
        2.5,
        0
      ],
      "scale": [
        0.375,
        0.375,
        0.375
      ]
    },
    "thirdperson_lefthand": {
      "rotation": [
        75,
        45,
        0
      ],
      "translation": [
        0,
        2.5,
        0
      ],
      "scale": [
        0.375,
        0.375,
        0.375
      ]
    },
    "firstperson_righthand": {
      "rotation": [
        0,
        45,
        0
      ],
      "translation": [
        0,
        3.4782,
        0
      ],
      "scale": [
        0.4,
        0.4,
        0.4
      ]
    },
    "firstperson_lefthand": {
      "rotation": [
        0,
        45,
        0
      ],
      "translation": [
        0,
        3.4782,
        0
      ],
      "scale": [
        0.4,
        0.4,
        0.4
      ]
    },
    "gui": {
      "rotation": [
        30,
        225,
        0
      ],
      "translation": [
        0,
        1.3913,
        0
      ],
      "scale": [
        0.625,
        0.625,
        0.625
      ]
    },
    "head": {
      "translation": [
        0,
        20.171,
        0
      ],
      "scale": [
        1.7,
        1.7,
        1.7
      ]
    },
    "ground": {
      "translation": [
        0,
        3,
        0
      ],
      "scale": [
        0.25,
        0.25,
        0.25
      ]
    }
  }
}
