{
  "parent": "block/cube_column",
  "textures": {
    "end": "block/black_glazed_terracotta",
    "side": "block/black_glazed_terracotta"
  },
  "elements": [
    {
      "from": [
        0,
        0,
        0
      ],
      "to": [
        16,
        16,
        16
      ],
      "faces": {
        "down": {
          "uv": [
            0,
            0,
            16,
            16
          ],
          "texture": "#end",
          "rotation": 90
        },
        "up": {
          "uv": [
            0,
            0,
            16,
            16
          ],
          "texture": "#end",
          "rotation": 270
        },
        "north": {
          "uv": [
            0,
            0,
            16,
            16
          ],
          "texture": "#side"
        },
        "south": {
          "uv": [
            0,
            0,
            16,
            16
          ],
          "texture": "#side"
        },
        "west": {
          "uv": [
            0,
            0,
            16,
            16
          ],
          "texture": "#side",
          "rotation": 180
        },
        "east": {
          "uv": [
            0,
            0,
            16,
            16
          ],
          "texture": "#side"
        }
      }
    }
  ]
}
