{
  "__comment": "Designed_by_Alanbecker_with_BDcraft_Cubik_PRO_0.93_Beta_-_http://bdcraft.net",
  "textures": {
    "particle": "block/book1_2",
    "bookstack1": "block/bookstack1_2",
    "bookstack2": "block/bookstack2_2",
    "texture": "block/book2_2",
    "book3": "block/book3_2",
    "bookstack3": "block/bookstack3_2"
  },
  "elements": [
    {
      "from": [
        1,
        0,
        0
      ],
      "to": [
        7.5,
        2,
        8
      ],
      "faces": {
        "down": {
          "uv": [
            7.5,
            8.5,
            0,
            0
          ],
          "texture": "#bookstack1",
          "rotation": 180
        },
        "up": {
          "uv": [
            0,
            0,
            7.5,
            8.5
          ],
          "texture": "#bookstack1"
        },
        "north": {
          "uv": [
            7.5,
            14,
            1,
            16
          ],
          "texture": "#bookstack1"
        },
        "south": {
          "uv": [
            1,
            14,
            7.5,
            16
          ],
          "texture": "#bookstack1"
        },
        "west": {
          "uv": [
            0,
            5,
            8,
            7
          ],
          "texture": "#bookstack2"
        },
        "east": {
          "uv": [
            8,
            5,
            16,
            7
          ],
          "texture": "#bookstack2"
        }
      }
    },
    {
      "from": [
        1,
        0,
        8
      ],
      "to": [
        3,
        8,
        16
      ],
      "faces": {
        "down": {
          "uv": [
            16,
            15,
            8,
            13
          ],
          "texture": "#texture",
          "rotation": 90
        },
        "up": {
          "uv": [
            16,
            13,
            8,
            15
          ],
          "texture": "#texture",
          "rotation": 270
        },
        "north": {
          "uv": [
            8,
            13,
            16,
            15
          ],
          "texture": "#texture",
          "rotation": 90
        },
        "south": {
          "uv": [
            1,
            8,
            3,
            16
          ],
          "texture": "#particle"
        },
        "west": {
          "uv": [
            7.5,
            8,
            15.5,
            16
          ],
          "texture": "#book3"
        },
        "east": {
          "uv": [
            7.5,
            8,
            15.5,
            16
          ],
          "texture": "#book3"
        }
      }
    },
    {
      "from": [
        3,
        0,
        8
      ],
      "to": [
        5,
        9,
        15.5
      ],
      "faces": {
        "down": {
          "uv": [
            15.5,
            13,
            8,
            11
          ],
          "texture": "#texture",
          "rotation": 90
        },
        "up": {
          "uv": [
            15.5,
            11,
            8,
            13
          ],
          "texture": "#texture",
          "rotation": 270
        },
        "north": {
          "uv": [
            8,
            11,
            15.5,
            13
          ],
          "texture": "#texture",
          "rotation": 90
        },
        "south": {
          "uv": [
            3,
            7,
            5,
            16
          ],
          "texture": "#particle"
        },
        "west": {
          "uv": [
            7.5,
            7,
            15,
            16
          ],
          "texture": "#book3"
        }
      }
    },
    {
      "from": [
        5,
        0,
        8
      ],
      "to": [
        7,
        9.5,
        16
      ],
      "faces": {
        "down": {
          "uv": [
            16,
            11,
            8,
            9
          ],
          "texture": "#texture",
          "rotation": 90
        },
        "up": {
          "uv": [
            16,
            9,
            8,
            11
          ],
          "texture": "#texture",
          "rotation": 270
        },
        "north": {
          "uv": [
            8,
            9,
            16,
            11
          ],
          "texture": "#texture",
          "rotation": 90
        },
        "south": {
          "uv": [
            5,
            6.5,
            7,
            16
          ],
          "texture": "#particle"
        },
        "west": {
          "uv": [
            8,
            6.5,
            16,
            16
          ],
          "texture": "#book3"
        },
        "east": {
          "uv": [
            16,
            6.5,
            8,
            16
          ],
          "texture": "#book3"
        }
      }
    },
    {
      "from": [
        7,
        0,
        8
      ],
      "to": [
        9,
        9,
        15.5
      ],
      "faces": {
        "down": {
          "uv": [
            15.5,
            9,
            8,
            7
          ],
          "texture": "#texture",
          "rotation": 90
        },
        "up": {
          "uv": [
            15.5,
            7,
            8,
            9
          ],
          "texture": "#texture",
          "rotation": 270
        },
        "north": {
          "uv": [
            8,
            7,
            15.5,
            9
          ],
          "texture": "#texture",
          "rotation": 90
        },
        "south": {
          "uv": [
            7,
            7,
            9,
            16
          ],
          "texture": "#particle"
        }
      }
    },
    {
      "from": [
        0.5,
        2,
        0
      ],
      "to": [
        7,
        4,
        8
      ],
      "faces": {
        "down": {
          "uv": [
            6.5,
            8.5,
            0,
            0
          ],
          "texture": "#bookstack1",
          "rotation": 180
        },
        "up": {
          "uv": [
            0,
            0,
            6.5,
            8.5
          ],
          "texture": "#bookstack1"
        },
        "north": {
          "uv": [
            7,
            12,
            0.5,
            14
          ],
          "texture": "#bookstack1"
        },
        "south": {
          "uv": [
            0.5,
            12,
            7,
            14
          ],
          "texture": "#bookstack1"
        },
        "west": {
          "uv": [
            0,
            3,
            8,
            5
          ],
          "texture": "#bookstack2"
        },
        "east": {
          "uv": [
            8,
            3,
            16,
            5
          ],
          "texture": "#bookstack2"
        }
      }
    },
    {
      "from": [
        8,
        0,
        1
      ],
      "to": [
        16,
        2,
        8
      ],
      "faces": {
        "down": {
          "uv": [
            16,
            9.5,
            7.5,
            2.5
          ],
          "texture": "#bookstack3",
          "rotation": 90
        },
        "up": {
          "uv": [
            7.5,
            2.5,
            16,
            9.5
          ],
          "texture": "#bookstack3"
        },
        "north": {
          "uv": [
            0,
            14,
            8,
            16
          ],
          "texture": "#bookstack2"
        },
        "south": {
          "uv": [
            8,
            14,
            16,
            16
          ],
          "texture": "#bookstack1"
        },
        "west": {
          "uv": [
            15,
            14,
            8,
            16
          ],
          "texture": "#bookstack2"
        },
        "east": {
          "uv": [
            8,
            14,
            15,
            16
          ],
          "texture": "#bookstack2"
        }
      }
    },
    {
      "from": [
        7.5,
        2,
        0.5
      ],
      "to": [
        15.5,
        4,
        7.5
      ],
      "faces": {
        "down": {
          "uv": [
            14,
            7,
            6,
            0
          ],
          "texture": "#bookstack3",
          "rotation": 90
        },
        "up": {
          "uv": [
            6,
            0,
            14,
            7
          ],
          "texture": "#bookstack3"
        },
        "north": {
          "uv": [
            0.5,
            12,
            8.5,
            14
          ],
          "texture": "#bookstack2"
        },
        "south": {
          "uv": [
            7.5,
            12,
            15.5,
            14
          ],
          "texture": "#bookstack1"
        },
        "west": {
          "uv": [
            15.5,
            12,
            8.5,
            14
          ],
          "texture": "#bookstack2"
        },
        "east": {
          "uv": [
            8.5,
            12,
            15.5,
            14
          ],
          "texture": "#bookstack2"
        }
      }
    },
    {
      "from": [
        8,
        4,
        1
      ],
      "to": [
        16,
        5.5,
        8
      ],
      "faces": {
        "down": {
          "uv": [
            15.5,
            9,
            7,
            2
          ],
          "texture": "#bookstack3",
          "rotation": 90
        },
        "up": {
          "uv": [
            7,
            2,
            15.5,
            9
          ],
          "texture": "#bookstack3"
        },
        "north": {
          "uv": [
            0,
            10.5,
            8,
            12
          ],
          "texture": "#bookstack2"
        },
        "south": {
          "uv": [
            8,
            10.5,
            16,
            12
          ],
          "texture": "#bookstack1"
        },
        "west": {
          "uv": [
            15,
            10.5,
            8,
            12
          ],
          "texture": "#bookstack2"
        },
        "east": {
          "uv": [
            8,
            10.5,
            15,
            12
          ],
          "texture": "#bookstack2"
        }
      }
    },
    {
      "from": [
        7.5,
        5.5,
        0
      ],
      "to": [
        15.5,
        7.5,
        6.5
      ],
      "faces": {
        "down": {
          "uv": [
            14.5,
            7.5,
            6.5,
            0.5
          ],
          "texture": "#bookstack3",
          "rotation": 90
        },
        "up": {
          "uv": [
            6.5,
            0.5,
            14.5,
            7.5
          ],
          "texture": "#bookstack3"
        },
        "north": {
          "uv": [
            0.5,
            8.5,
            8.5,
            10.5
          ],
          "texture": "#bookstack2"
        },
        "south": {
          "uv": [
            7.5,
            8.5,
            15.5,
            10.5
          ],
          "texture": "#bookstack1"
        },
        "west": {
          "uv": [
            15.5,
            8.5,
            9,
            10.5
          ],
          "texture": "#bookstack2"
        },
        "east": {
          "uv": [
            9,
            8.5,
            15.5,
            10.5
          ],
          "texture": "#bookstack2"
        }
      }
    },
    {
      "from": [
        8,
        7.5,
        0.5
      ],
      "to": [
        16,
        9,
        7.5
      ],
      "faces": {
        "down": {
          "uv": [
            15,
            8,
            7,
            1
          ],
          "texture": "#bookstack3",
          "rotation": 180
        },
        "up": {
          "uv": [
            7,
            1,
            15,
            8
          ],
          "texture": "#bookstack3"
        },
        "north": {
          "uv": [
            0,
            7,
            8,
            8.5
          ],
          "texture": "#bookstack2"
        },
        "south": {
          "uv": [
            8,
            7,
            16,
            8.5
          ],
          "texture": "#bookstack1"
        },
        "west": {
          "uv": [
            15,
            7,
            8,
            8.5
          ],
          "texture": "#bookstack2"
        },
        "east": {
          "uv": [
            8,
            7,
            15,
            8.5
          ],
          "texture": "#bookstack2"
        }
      }
    },
    {
      "from": [
        9,
        0,
        8
      ],
      "to": [
        11,
        9,
        15.5
      ],
      "faces": {
        "down": {
          "uv": [
            15.5,
            7,
            8,
            5
          ],
          "texture": "#texture",
          "rotation": 90
        },
        "up": {
          "uv": [
            15.5,
            5,
            8,
            7
          ],
          "texture": "#texture",
          "rotation": 270
        },
        "north": {
          "uv": [
            8,
            5,
            15.5,
            7
          ],
          "texture": "#texture",
          "rotation": 90
        },
        "south": {
          "uv": [
            9,
            7,
            11,
            16
          ],
          "texture": "#particle"
        }
      }
    },
    {
      "from": [
        13,
        0,
        8.5
      ],
      "to": [
        15,
        9.5,
        16
      ],
      "faces": {
        "down": {
          "uv": [
            16,
            3,
            8,
            1
          ],
          "texture": "#texture",
          "rotation": 90
        },
        "up": {
          "uv": [
            16,
            1,
            8,
            3
          ],
          "texture": "#texture",
          "rotation": 270
        },
        "north": {
          "uv": [
            8,
            1,
            16,
            3
          ],
          "texture": "#texture",
          "rotation": 90
        },
        "south": {
          "uv": [
            13,
            6.5,
            15,
            16
          ],
          "texture": "#particle"
        },
        "west": {
          "uv": [
            0,
            6.5,
            7.5,
            16
          ],
          "texture": "#book3"
        },
        "east": {
          "uv": [
            0,
            6.5,
            7.5,
            16
          ],
          "texture": "#book3"
        }
      }
    },
    {
      "from": [
        1,
        4,
        0.5
      ],
      "to": [
        7.5,
        6,
        8
      ],
      "faces": {
        "down": {
          "uv": [
            0.5,
            0.5,
            7,
            8
          ],
          "texture": "#bookstack1"
        },
        "up": {
          "uv": [
            0.5,
            0.5,
            7,
            8
          ],
          "texture": "#bookstack1"
        },
        "north": {
          "uv": [
            7.5,
            10,
            1,
            12
          ],
          "texture": "#bookstack1"
        },
        "south": {
          "uv": [
            1,
            10,
            7.5,
            12
          ],
          "texture": "#bookstack1"
        },
        "west": {
          "uv": [
            0.5,
            1,
            8,
            3
          ],
          "texture": "#bookstack2"
        },
        "east": {
          "uv": [
            8,
            1,
            15.5,
            3
          ],
          "texture": "#bookstack2"
        }
      }
    },
    {
      "from": [
        11,
        0,
        8
      ],
      "to": [
        13,
        9,
        15.5
      ],
      "faces": {
        "down": {
          "uv": [
            8,
            3,
            15.5,
            5
          ],
          "texture": "#texture",
          "rotation": 90
        },
        "up": {
          "uv": [
            8,
            3,
            15.5,
            5
          ],
          "texture": "#texture",
          "rotation": 90
        },
        "north": {
          "uv": [
            8,
            3,
            15.5,
            5
          ],
          "texture": "#texture",
          "rotation": 90
        },
        "south": {
          "uv": [
            11,
            7,
            13,
            16
          ],
          "texture": "#particle"
        },
        "east": {
          "uv": [
            7.5,
            7,
            15,
            16
          ],
          "texture": "#book3"
        }
      }
    },
    {
      "from": [
        16,
        2.5,
        7
      ],
      "to": [
        16.0625,
        4.5,
        7.5
      ],
      "faces": {
        "west": {
          "uv": [
            15.5,
            12,
            16,
            13.5
          ],
          "texture": "#bookstack2"
        },
        "east": {
          "uv": [
            15.5,
            12,
            16,
            13.5
          ],
          "texture": "#bookstack2"
        }
      }
    },
    {
      "from": [
        10.5,
        6.4375,
        2.5
      ],
      "to": [
        15,
        6.5,
        7
      ],
      "rotation": {
        "origin": [
          10.5,
          6.4375,
          2.5
        ],
        "axis": "y",
        "angle": 45
      },
      "faces": {
        "down": {
          "uv": [
            4,
            4,
            0,
            0
          ],
          "texture": "#bookstack3"
        },
        "up": {
          "uv": [
            0,
            0,
            4,
            4
          ],
          "texture": "#bookstack3"
        }
      }
    },
    {
      "from": [
        1,
        2.9375,
        1.5
      ],
      "to": [
        5.5,
        3,
        6
      ],
      "rotation": {
        "origin": [
          1,
          2.9375,
          1.5
        ],
        "axis": "y",
        "angle": 45
      },
      "faces": {
        "down": {
          "uv": [
            4,
            4,
            0,
            0
          ],
          "texture": "#bookstack3"
        },
        "up": {
          "uv": [
            0,
            0,
            4,
            4
          ],
          "texture": "#bookstack3"
        }
      }
    }
  ],
  "display": {
    "thirdperson_righthand": {
      "rotation": [
        62,
        41,
        0
      ],
      "scale": [
        0.4,
        0.4,
        0.4
      ]
    },
    "thirdperson_lefthand": {
      "rotation": [
        62,
        41,
        0
      ],
      "scale": [
        0.4,
        0.4,
        0.4
      ]
    },
    "firstperson_righthand": {
      "rotation": [
        0,
        45,
        0
      ],
      "translation": [
        0,
        3.4782,
        0
      ],
      "scale": [
        0.4,
        0.4,
        0.4
      ]
    },
    "firstperson_lefthand": {
      "rotation": [
        0,
        45,
        0
      ],
      "translation": [
        0,
        3.4782,
        0
      ],
      "scale": [
        0.4,
        0.4,
        0.4
      ]
    },
    "gui": {
      "rotation": [
        30,
        45,
        0
      ],
      "scale": [
        0.625,
        0.625,
        0.625
      ]
    },
    "head": {
      "translation": [
        0,
        14.608,
        0
      ]
    },
    "ground": {
      "translation": [
        0,
        3,
        0
      ],
      "scale": [
        0.25,
        0.25,
        0.25
      ]
    },
    "fixed": {
      "rotation": [
        -49,
        180,
        0
      ],
      "translation": [
        0,
        6.2608,
        -20.16
      ],
      "scale": [
        2,
        2,
        2
      ]
    }
  }
}
