{
  "__comment": "Designed_by_AnJineer_with_Cubik_Studio_-_https://cubik.studio",
  "textures": {
    "particle": "block/skilletegg",
    "texture": "block/skilletegg"
  },
  "elements": [
    {
      "__comment": "Box1",
      "from": [
        9,
        0,
        4
      ],
      "to": [
        16,
        0.5,
        11
      ],
      "rotation": {
        "origin": [
          9,
          0,
          4
        ],
        "axis": "y",
        "angle": -45
      },
      "faces": {
        "down": {
          "uv": [
            0,
            7,
            7,
            14
          ],
          "texture": "#texture"
        },
        "up": {
          "uv": [
            0,
            0,
            7,
            7
          ],
          "texture": "#texture"
        },
        "north": {
          "uv": [
            8.5,
            0,
            9,
            7
          ],
          "texture": "#texture",
          "rotation": 90
        },
        "south": {
          "uv": [
            8.5,
            0,
            9,
            7
          ],
          "texture": "#texture",
          "rotation": 90
        },
        "west": {
          "uv": [
            8.5,
            0,
            9,
            7
          ],
          "texture": "#texture"
        },
        "east": {
          "uv": [
            8.5,
            0,
            9,
            7
          ],
          "texture": "#texture",
          "rotation": 90
        }
      }
    },
    {
      "__comment": "Box2",
      "from": [
        8.5,
        0.5,
        11
      ],
      "to": [
        16.5,
        2,
        11.5
      ],
      "rotation": {
        "origin": [
          9,
          0,
          4
        ],
        "axis": "y",
        "angle": -45
      },
      "faces": {
        "down": {
          "uv": [
            0,
            7,
            8,
            7.5
          ],
          "texture": "#texture"
        },
        "up": {
          "uv": [
            7.5,
            5,
            8,
            12.5
          ],
          "texture": "#texture",
          "rotation": 90
        },
        "north": {
          "uv": [
            7,
            8,
            8.5,
            16
          ],
          "texture": "#texture",
          "rotation": 90
        },
        "south": {
          "uv": [
            7,
            0,
            8.5,
            8
          ],
          "texture": "#texture",
          "rotation": 90
        },
        "west": {
          "uv": [
            8,
            10,
            8.5,
            11.5
          ],
          "texture": "#texture"
        },
        "east": {
          "uv": [
            8,
            13.5,
            8.5,
            15
          ],
          "texture": "#texture"
        }
      }
    },
    {
      "__comment": "Box3",
      "from": [
        8.5,
        0.5,
        3.5
      ],
      "to": [
        16.5,
        2,
        4
      ],
      "rotation": {
        "origin": [
          9,
          0,
          4
        ],
        "axis": "y",
        "angle": -45
      },
      "faces": {
        "down": {
          "uv": [
            0,
            7,
            8,
            7.5
          ],
          "texture": "#texture"
        },
        "up": {
          "uv": [
            7.5,
            7,
            8,
            14
          ],
          "texture": "#texture",
          "rotation": 90
        },
        "north": {
          "uv": [
            7,
            0,
            8.5,
            8
          ],
          "texture": "#texture",
          "rotation": 90
        },
        "south": {
          "uv": [
            7,
            8,
            8.5,
            16
          ],
          "texture": "#texture",
          "rotation": 90
        },
        "west": {
          "uv": [
            7.5,
            9.5,
            8,
            11
          ],
          "texture": "#texture"
        },
        "east": {
          "uv": [
            8,
            9,
            8.5,
            10.5
          ],
          "texture": "#texture"
        }
      }
    },
    {
      "__comment": "Box4",
      "from": [
        16,
        0.5,
        4
      ],
      "to": [
        16.5,
        2,
        11
      ],
      "rotation": {
        "origin": [
          9,
          0,
          4
        ],
        "axis": "y",
        "angle": -45
      },
      "faces": {
        "down": {
          "uv": [
            7,
            5,
            7.5,
            12
          ],
          "texture": "#texture"
        },
        "up": {
          "uv": [
            7.5,
            0.5,
            8,
            7.5
          ],
          "texture": "#texture"
        },
        "north": {
          "uv": [
            2,
            14,
            2.5,
            15.5
          ],
          "texture": "#texture"
        },
        "south": {
          "uv": [
            13.5,
            14,
            14,
            15.5
          ],
          "texture": "#texture"
        },
        "west": {
          "uv": [
            7,
            8,
            8.5,
            16
          ],
          "texture": "#texture"
        },
        "east": {
          "uv": [
            7,
            0,
            8.5,
            8
          ],
          "texture": "#texture",
          "rotation": 90
        }
      }
    },
    {
      "__comment": "Box5",
      "from": [
        8.5,
        0.5,
        4
      ],
      "to": [
        9,
        2,
        11
      ],
      "rotation": {
        "origin": [
          9,
          0,
          4
        ],
        "axis": "y",
        "angle": -45
      },
      "faces": {
        "down": {
          "uv": [
            7,
            7,
            7.5,
            14
          ],
          "texture": "#texture"
        },
        "up": {
          "uv": [
            7.5,
            8,
            8,
            15
          ],
          "texture": "#texture"
        },
        "north": {
          "uv": [
            9.5,
            14,
            10,
            15.5
          ],
          "texture": "#texture"
        },
        "south": {
          "uv": [
            6,
            14,
            6.5,
            15.5
          ],
          "texture": "#texture"
        },
        "west": {
          "uv": [
            7,
            0,
            8.5,
            8
          ],
          "texture": "#texture",
          "rotation": 90
        },
        "east": {
          "uv": [
            7,
            8,
            8.5,
            16
          ],
          "texture": "#texture",
          "rotation": 90
        }
      }
    },
    {
      "__comment": "PlaneY7",
      "from": [
        10.5,
        1,
        6.5
      ],
      "to": [
        14,
        1.001,
        10
      ],
      "rotation": {
        "origin": [
          9,
          0,
          4
        ],
        "axis": "y",
        "angle": -45
      },
      "faces": {
        "down": {
          "uv": [
            10,
            0,
            13.5,
            3.5
          ],
          "texture": "#texture"
        },
        "up": {
          "uv": [
            10,
            0,
            13.5,
            3.5
          ],
          "texture": "#texture"
        }
      }
    },
    {
      "__comment": "Box8",
      "from": [
        1.5,
        1,
        7
      ],
      "to": [
        8.5,
        1.5,
        8
      ],
      "rotation": {
        "origin": [
          9,
          0,
          4
        ],
        "axis": "y",
        "angle": -45
      },
      "faces": {
        "down": {
          "uv": [
            9,
            0,
            10,
            7
          ],
          "texture": "#texture",
          "rotation": 90
        },
        "up": {
          "uv": [
            9,
            0,
            10,
            7
          ],
          "texture": "#texture",
          "rotation": 90
        },
        "north": {
          "uv": [
            8.5,
            0,
            9,
            7
          ],
          "texture": "#texture",
          "rotation": 90
        },
        "south": {
          "uv": [
            8.5,
            0,
            9,
            7
          ],
          "texture": "#texture",
          "rotation": 90
        },
        "west": {
          "uv": [
            7,
            14.5,
            8,
            15
          ],
          "texture": "#texture"
        },
        "east": {
          "uv": [
            7,
            13,
            8,
            13.5
          ],
          "texture": "#texture"
        }
      }
    },
    {
      "__comment": "Box8",
      "from": [
        -2,
        0,
        -2
      ],
      "to": [
        -1,
        1,
        -1
      ],
      "faces": {
        "down": {
          "uv": [
            14,
            1,
            15,
            2
          ],
          "texture": "#texture"
        },
        "up": {
          "uv": [
            14,
            14,
            15,
            15
          ],
          "texture": "#texture"
        },
        "north": {
          "uv": [
            1,
            15,
            2,
            16
          ],
          "texture": "#texture"
        },
        "south": {
          "uv": [
            14,
            15,
            15,
            16
          ],
          "texture": "#texture"
        },
        "west": {
          "uv": [
            14,
            15,
            15,
            16
          ],
          "texture": "#texture"
        },
        "east": {
          "uv": [
            1,
            15,
            2,
            16
          ],
          "texture": "#texture"
        }
      }
    }
  ]
}
