{
  "__comment": "Pot",
  "textures": {
    "particle": "block/brewing_stand",
    "all": "block/brewing_stand"
  },
  "elements": [
    {
      "from": [
        7.5,
        15,
        7.5
      ],
      "to": [
        8.5,
        16,
        8.5
      ],
      "faces": {
        "down": {
          "uv": [
            7.5,
            1,
            8.5,
            0
          ],
          "texture": "#all"
        },
        "up": {
          "uv": [
            7.5,
            0,
            8.5,
            1
          ],
          "texture": "#all"
        },
        "north": {
          "uv": [
            8.5,
            0,
            7.5,
            1
          ],
          "texture": "#all"
        },
        "south": {
          "uv": [
            7.5,
            0,
            8.5,
            1
          ],
          "texture": "#all"
        },
        "west": {
          "uv": [
            7.5,
            0,
            8.5,
            1
          ],
          "texture": "#all"
        },
        "east": {
          "uv": [
            8.5,
            0,
            7.5,
            1
          ],
          "texture": "#all"
        }
      }
    },
    {
      "from": [
        4.5,
        13.5,
        4.5
      ],
      "to": [
        11.5,
        15,
        11.5
      ],
      "faces": {
        "down": {
          "uv": [
            5,
            8.5,
            10.5,
            3
          ],
          "texture": "#all"
        },
        "up": {
          "uv": [
            5,
            3,
            10.5,
            8.5
          ],
          "texture": "#all"
        },
        "north": {
          "uv": [
            11.5,
            1,
            4.5,
            2.5
          ],
          "texture": "#all"
        },
        "south": {
          "uv": [
            4.5,
            1,
            11.5,
            2.5
          ],
          "texture": "#all"
        },
        "west": {
          "uv": [
            4.5,
            1,
            11.5,
            2.5
          ],
          "texture": "#all"
        },
        "east": {
          "uv": [
            11.5,
            1,
            4.5,
            2.5
          ],
          "texture": "#all"
        }
      }
    },
    {
      "from": [
        3,
        7.5,
        3
      ],
      "to": [
        13,
        13.5,
        13
      ],
      "faces": {
        "down": {
          "uv": [
            5.5,
            8.5,
            11,
            3
          ],
          "texture": "#all"
        },
        "up": {
          "uv": [
            5.5,
            3,
            11,
            8.5
          ],
          "texture": "#all"
        },
        "north": {
          "uv": [
            13,
            2.5,
            3,
            8.5
          ],
          "texture": "#all"
        },
        "south": {
          "uv": [
            3,
            2.5,
            13,
            8.5
          ],
          "texture": "#all"
        },
        "west": {
          "uv": [
            3,
            2.5,
            13,
            8.5
          ],
          "texture": "#all"
        },
        "east": {
          "uv": [
            13,
            2.5,
            3,
            8.5
          ],
          "texture": "#all"
        }
      }
    },
    {
      "__comment": "PlaneX",
      "from": [
        8,
        0,
        0
      ],
      "to": [
        8.001,
        7.5,
        16
      ],
      "faces": {
        "west": {
          "uv": [
            0,
            8.5,
            16,
            16
          ],
          "texture": "#all"
        },
        "east": {
          "uv": [
            16,
            8.5,
            0,
            16
          ],
          "texture": "#all"
        }
      }
    },
    {
      "__comment": "PlaneZ",
      "from": [
        0,
        0,
        8
      ],
      "to": [
        16,
        7.5,
        8.001
      ],
      "faces": {
        "north": {
          "uv": [
            16,
            8.5,
            0,
            16
          ],
          "texture": "#all"
        },
        "south": {
          "uv": [
            0,
            8.5,
            16,
            16
          ],
          "texture": "#all"
        }
      }
    }
  ],
  "display": {
    "thirdperson_righthand": {
      "rotation": [
        75,
        45,
        0
      ],
      "translation": [
        0,
        2.5,
        0
      ],
      "scale": [
        0.375,
        0.375,
        0.375
      ]
    },
    "thirdperson_lefthand": {
      "rotation": [
        75,
        45,
        0
      ],
      "translation": [
        0,
        2.5,
        0
      ],
      "scale": [
        0.375,
        0.375,
        0.375
      ]
    },
    "firstperson_righthand": {
      "rotation": [
        0,
        45,
        0
      ],
      "translation": [
        0,
        2.7826,
        0
      ],
      "scale": [
        0.4,
        0.4,
        0.4
      ]
    },
    "firstperson_lefthand": {
      "rotation": [
        0,
        45,
        0
      ],
      "translation": [
        0,
        2.7826,
        0
      ],
      "scale": [
        0.4,
        0.4,
        0.4
      ]
    },
    "gui": {
      "rotation": [
        30,
        225,
        0
      ],
      "scale": [
        0.625,
        0.625,
        0.625
      ]
    },
    "head": {
      "translation": [
        0,
        14.608,
        0
      ]
    },
    "ground": {
      "translation": [
        0,
        3,
        0
      ],
      "scale": [
        0.25,
        0.25,
        0.25
      ]
    }
  }
}
