{
  "textures": {
    "particle": "block/jungle_planks",
    "wool": "block/jungle_planks"
  },
  "elements": [
    {
      "from": [
        0,
        0,
        0
      ],
      "to": [
        16,
        1,
        16
      ],
      "faces": {
        "down": {
          "uv": [
            0,
            0,
            16,
            16
          ],
          "texture": "#wool",
          "cullface": "down"
        },
        "up": {
          "uv": [
            0,
            0,
            16,
            16
          ],
          "texture": "#wool"
        },
        "north": {
          "uv": [
            0,
            15,
            16,
            16
          ],
          "texture": "#wool",
          "cullface": "north"
        },
        "south": {
          "uv": [
            0,
            15,
            16,
            16
          ],
          "texture": "#wool",
          "cullface": "south"
        },
        "west": {
          "uv": [
            0,
            15,
            16,
            16
          ],
          "texture": "#wool",
          "cullface": "west"
        },
        "east": {
          "uv": [
            0,
            15,
            16,
            16
          ],
          "texture": "#wool",
          "cullface": "east"
        }
      }
    }
  ],
  "display": {
    "thirdperson_righthand": {
      "rotation": [
        62,
        41,
        0
      ],
      "translation": [
        0,
        0,
        0
      ],
      "scale": [
        0.4,
        0.4,
        0.4
      ]
    },
    "thirdperson_lefthand": {
      "rotation": [
        62,
        41,
        0
      ],
      "translation": [
        0,
        0,
        0
      ],
      "scale": [
        0.4,
        0.4,
        0.4
      ]
    },
    "ground": {
      "rotation": [
        0,
        0,
        0
      ],
      "translation": [
        0,
        0,
        0
      ],
      "scale": [
        1,
        1,
        1
      ]
    },
    "fixed": {
      "rotation": [
        0,
        90,
        0
      ],
      "translation": [
        0,
        0,
        0
      ],
      "scale": [
        1,
        1,
        1
      ]
    },
    "firstperson_righthand": {
      "rotation": [
        10,
        48,
        -3
      ],
      "translation": [
        -1.89,
        0,
        0
      ],
      "scale": [
        0.38,
        0.38,
        0.38
      ]
    },
    "firstperson_lefthand": {
      "rotation": [
        10,
        48,
        -3
      ],
      "translation": [
        -1.89,
        0,
        0
      ],
      "scale": [
        0.38,
        0.38,
        0.38
      ]
    },
    "gui": {
      "rotation": [
        30,
        45,
        0
      ],
      "translation": [
        0,
        0,
        0
      ],
      "scale": [
        0.625,
        0.625,
        0.625
      ]
    }
  }
}
