{
  "__comment": "Designed_by_Alanbecker_with_Cubik_Studio_-_https://cubik.studio",
  "textures": {
    "particle": "block/cake",
    "texture": "block/cake"
  },
  "elements": [
    {
      "__comment": "Box1",
      "from": [
        3,
        4,
        3
      ],
      "to": [
        13,
        10,
        13
      ],
      "faces": {
        "down": {
          "uv": [
            0,
            0,
            10,
            10
          ],
          "texture": "#texture"
        },
        "up": {
          "uv": [
            0,
            0,
            10,
            10
          ],
          "texture": "#texture"
        },
        "north": {
          "uv": [
            0,
            10,
            10,
            16
          ],
          "texture": "#texture"
        },
        "south": {
          "uv": [
            0,
            10,
            10,
            16
          ],
          "texture": "#texture"
        },
        "west": {
          "uv": [
            0,
            10,
            10,
            16
          ],
          "texture": "#texture"
        },
        "east": {
          "uv": [
            0,
            10,
            10,
            16
          ],
          "texture": "#texture"
        }
      }
    },
    {
      "__comment": "PlaneY2",
      "from": [
        1,
        4,
        3
      ],
      "to": [
        3,
        4.001,
        13
      ],
      "faces": {
        "down": {
          "uv": [
            12,
            0,
            10,
            10
          ],
          "texture": "#texture"
        },
        "up": {
          "uv": [
            12,
            10,
            10,
            0
          ],
          "texture": "#texture"
        }
      }
    },
    {
      "__comment": "PlaneY2",
      "from": [
        13,
        4,
        3
      ],
      "to": [
        15,
        4.001,
        13
      ],
      "faces": {
        "down": {
          "uv": [
            10,
            0,
            12,
            10
          ],
          "texture": "#texture"
        },
        "up": {
          "uv": [
            10,
            0,
            12,
            10
          ],
          "texture": "#texture"
        }
      }
    },
    {
      "__comment": "PlaneY4",
      "from": [
        3,
        4,
        13
      ],
      "to": [
        13,
        4.001,
        15
      ],
      "faces": {
        "down": {
          "uv": [
            12,
            10,
            10,
            0
          ],
          "texture": "#texture",
          "rotation": 90
        },
        "up": {
          "uv": [
            10,
            0,
            12,
            10
          ],
          "texture": "#texture",
          "rotation": 90
        }
      }
    },
    {
      "__comment": "PlaneY4",
      "from": [
        3,
        4,
        1
      ],
      "to": [
        13,
        4.001,
        3
      ],
      "faces": {
        "down": {
          "uv": [
            10,
            0,
            12,
            10
          ],
          "texture": "#texture",
          "rotation": 90
        },
        "up": {
          "uv": [
            12,
            10,
            10,
            0
          ],
          "texture": "#texture",
          "rotation": 90
        }
      }
    },
    {
      "__comment": "Box6",
      "from": [
        7,
        0,
        7
      ],
      "to": [
        9,
        4,
        9
      ],
      "faces": {
        "down": {
          "uv": [
            14,
            6,
            16,
            8
          ],
          "texture": "#texture"
        },
        "up": {
          "uv": [
            14,
            6,
            16,
            8
          ],
          "texture": "#texture"
        },
        "north": {
          "uv": [
            14,
            6,
            16,
            10
          ],
          "texture": "#texture"
        },
        "south": {
          "uv": [
            14,
            6,
            16,
            10
          ],
          "texture": "#texture"
        },
        "west": {
          "uv": [
            14,
            6,
            16,
            10
          ],
          "texture": "#texture"
        },
        "east": {
          "uv": [
            14,
            6,
            16,
            10
          ],
          "texture": "#texture"
        }
      }
    },
    {
      "__comment": "PlaneY7",
      "from": [
        4.5,
        0.125,
        4.5
      ],
      "to": [
        11.5,
        0.126,
        11.5
      ],
      "faces": {
        "down": {
          "uv": [
            10,
            10,
            16,
            16
          ],
          "texture": "#texture"
        },
        "up": {
          "uv": [
            10,
            10,
            16,
            16
          ],
          "texture": "#texture"
        }
      }
    }
  ]
}
