{
  "__comment": "Designed_by_AnJineer_with_Cubik_Studio_-_https://cubik.studio",
  "textures": {
    "particle": "block/fruitbowl",
    "texture": "block/fruitbowl"
  },
  "elements": [
    {
      "__comment": "Box1",
      "from": [
        5.5,
        0,
        5.5
      ],
      "to": [
        10.5,
        1,
        10.5
      ],
      "faces": {
        "down": {
          "uv": [
            2.5,
            8.5,
            7.5,
            13.5
          ],
          "texture": "#texture",
          "rotation": 90
        },
        "up": {
          "uv": [
            3,
            8.5,
            8,
            13.5
          ],
          "texture": "#texture",
          "rotation": 270
        },
        "north": {
          "uv": [
            0,
            0,
            5,
            1
          ],
          "texture": "#texture"
        },
        "south": {
          "uv": [
            0,
            0,
            5,
            1
          ],
          "texture": "#texture"
        },
        "west": {
          "uv": [
            0,
            0,
            5,
            1
          ],
          "texture": "#texture"
        },
        "east": {
          "uv": [
            0,
            0,
            5,
            1
          ],
          "texture": "#texture"
        }
      }
    },
    {
      "__comment": "Box2",
      "from": [
        7,
        1,
        7
      ],
      "to": [
        9,
        3,
        9
      ],
      "faces": {
        "down": {
          "uv": [
            7,
            7,
            9,
            9
          ],
          "texture": "#texture",
          "rotation": 90
        },
        "up": {
          "uv": [
            7,
            7,
            9,
            9
          ],
          "texture": "#texture",
          "rotation": 270
        },
        "north": {
          "uv": [
            0,
            1,
            2,
            3
          ],
          "texture": "#texture"
        },
        "south": {
          "uv": [
            0,
            1,
            2,
            3
          ],
          "texture": "#texture"
        },
        "west": {
          "uv": [
            0,
            1,
            2,
            3
          ],
          "texture": "#texture"
        },
        "east": {
          "uv": [
            0,
            1,
            2,
            3
          ],
          "texture": "#texture"
        }
      }
    },
    {
      "__comment": "Box4",
      "from": [
        4,
        3,
        4
      ],
      "to": [
        12,
        4.5,
        12
      ],
      "faces": {
        "down": {
          "uv": [
            1,
            7,
            9,
            15
          ],
          "texture": "#texture",
          "rotation": 90
        },
        "up": {
          "uv": [
            1,
            7,
            9,
            15
          ],
          "texture": "#texture",
          "rotation": 270
        },
        "north": {
          "uv": [
            0,
            3,
            8,
            4.5
          ],
          "texture": "#texture"
        },
        "south": {
          "uv": [
            0,
            3,
            8,
            4.5
          ],
          "texture": "#texture"
        },
        "west": {
          "uv": [
            0,
            3,
            8,
            4.5
          ],
          "texture": "#texture"
        },
        "east": {
          "uv": [
            0,
            3,
            8,
            4.5
          ],
          "texture": "#texture"
        }
      }
    },
    {
      "__comment": "Box5",
      "from": [
        2.5,
        4.5,
        2.5
      ],
      "to": [
        13.5,
        5,
        13.5
      ],
      "faces": {
        "down": {
          "uv": [
            0.5,
            6.5,
            10,
            15.5
          ],
          "texture": "#texture",
          "rotation": 90
        },
        "up": {
          "uv": [
            0,
            6,
            10.5,
            16
          ],
          "texture": "#texture",
          "rotation": 270
        },
        "north": {
          "uv": [
            0,
            5.5,
            11,
            6
          ],
          "texture": "#texture"
        },
        "south": {
          "uv": [
            0,
            5.5,
            11,
            6
          ],
          "texture": "#texture"
        },
        "west": {
          "uv": [
            0,
            5.5,
            11,
            6
          ],
          "texture": "#texture"
        },
        "east": {
          "uv": [
            0,
            5.5,
            11,
            6
          ],
          "texture": "#texture"
        }
      }
    },
    {
      "__comment": "Box6",
      "from": [
        13,
        5,
        2.5001
      ],
      "to": [
        13.5,
        6,
        13.5001
      ],
      "faces": {
        "down": {
          "uv": [
            2.5,
            2.5,
            13.5,
            3
          ],
          "texture": "#texture",
          "rotation": 90
        },
        "up": {
          "uv": [
            0,
            15.5,
            10.5,
            16
          ],
          "texture": "#texture",
          "rotation": 270
        },
        "north": {
          "uv": [
            10.5,
            4.5,
            11,
            5.5
          ],
          "texture": "#texture"
        },
        "south": {
          "uv": [
            0,
            4.5,
            0.5,
            5.5
          ],
          "texture": "#texture"
        },
        "west": {
          "uv": [
            0,
            4.5,
            11,
            5.5
          ],
          "texture": "#texture"
        },
        "east": {
          "uv": [
            0,
            4.5,
            11,
            5.5
          ],
          "texture": "#texture"
        }
      }
    },
    {
      "__comment": "Box7",
      "from": [
        2.5,
        5,
        2.5
      ],
      "to": [
        3,
        6,
        13.5
      ],
      "faces": {
        "down": {
          "uv": [
            2.5,
            13,
            13.5,
            13.5
          ],
          "texture": "#texture",
          "rotation": 90
        },
        "up": {
          "uv": [
            0,
            6,
            10.5,
            6.5
          ],
          "texture": "#texture",
          "rotation": 270
        },
        "north": {
          "uv": [
            10.5,
            4.5,
            11,
            5.5
          ],
          "texture": "#texture"
        },
        "south": {
          "uv": [
            0,
            4.5,
            0.5,
            5.5
          ],
          "texture": "#texture"
        },
        "west": {
          "uv": [
            0,
            4.5,
            11,
            5.5
          ],
          "texture": "#texture"
        },
        "east": {
          "uv": [
            0,
            4.5,
            11,
            5.5
          ],
          "texture": "#texture"
        }
      }
    },
    {
      "__comment": "Box8",
      "from": [
        3.0001,
        5,
        2.5
      ],
      "to": [
        13.0001,
        6,
        3
      ],
      "faces": {
        "down": {
          "uv": [
            13,
            3,
            13.5,
            13
          ],
          "texture": "#texture",
          "rotation": 90
        },
        "up": {
          "uv": [
            10,
            6.5,
            10.5,
            15.5
          ],
          "texture": "#texture",
          "rotation": 270
        },
        "north": {
          "uv": [
            0.5,
            4.5,
            10.5,
            5.5
          ],
          "texture": "#texture"
        },
        "south": {
          "uv": [
            0.5,
            4.5,
            10.5,
            5.5
          ],
          "texture": "#texture"
        },
        "west": {
          "uv": [
            2.5,
            10,
            3,
            11
          ],
          "texture": "#texture"
        },
        "east": {
          "uv": [
            13,
            10,
            13.5,
            11
          ],
          "texture": "#texture"
        }
      }
    },
    {
      "__comment": "Box9",
      "from": [
        3,
        5,
        13
      ],
      "to": [
        13,
        6,
        13.5
      ],
      "faces": {
        "down": {
          "uv": [
            2.5,
            3,
            3,
            13
          ],
          "texture": "#texture",
          "rotation": 90
        },
        "up": {
          "uv": [
            0,
            6.5,
            0.5,
            15.5
          ],
          "texture": "#texture",
          "rotation": 270
        },
        "north": {
          "uv": [
            0.5,
            4.5,
            10.5,
            5.5
          ],
          "texture": "#texture"
        },
        "south": {
          "uv": [
            0.5,
            4.5,
            10.5,
            5.5
          ],
          "texture": "#texture"
        },
        "west": {
          "uv": [
            13,
            10,
            13.5,
            11
          ],
          "texture": "#texture"
        },
        "east": {
          "uv": [
            2.5,
            10,
            3,
            11
          ],
          "texture": "#texture"
        }
      }
    },
    {
      "__comment": "PlaneX10",
      "from": [
        0.5,
        4.5,
        7.999
      ],
      "to": [
        3.5,
        7,
        8
      ],
      "faces": {
        "north": {
          "uv": [
            13.5,
            13.5,
            10.5,
            16
          ],
          "texture": "#texture"
        },
        "south": {
          "uv": [
            10.5,
            13.5,
            13.5,
            16
          ],
          "texture": "#texture"
        }
      }
    },
    {
      "__comment": "PlaneX11",
      "from": [
        12.5,
        4.5,
        7.999
      ],
      "to": [
        15.5,
        7,
        8
      ],
      "faces": {
        "north": {
          "uv": [
            10.5,
            13.5,
            13.5,
            16
          ],
          "texture": "#texture"
        },
        "south": {
          "uv": [
            13.5,
            13.5,
            10.5,
            16
          ],
          "texture": "#texture"
        }
      }
    },
    {
      "__comment": "Apple",
      "from": [
        6,
        5.5,
        7.5
      ],
      "to": [
        8.5,
        8,
        10
      ],
      "rotation": {
        "origin": [
          6,
          5.5,
          7.5
        ],
        "axis": "z",
        "angle": 22.5
      },
      "faces": {
        "down": {
          "uv": [
            8.5,
            0,
            11,
            2.5
          ],
          "texture": "#texture"
        },
        "up": {
          "uv": [
            8.5,
            0,
            11,
            2.5
          ],
          "texture": "#texture"
        },
        "north": {
          "uv": [
            6,
            0,
            8.5,
            2.5
          ],
          "texture": "#texture"
        },
        "south": {
          "uv": [
            6,
            0,
            8.5,
            2.5
          ],
          "texture": "#texture"
        },
        "west": {
          "uv": [
            6,
            0,
            8.5,
            2.5
          ],
          "texture": "#texture"
        },
        "east": {
          "uv": [
            6,
            0,
            8.5,
            2.5
          ],
          "texture": "#texture"
        }
      }
    },
    {
      "__comment": "Apple",
      "from": [
        7.5,
        6,
        9.5
      ],
      "to": [
        10,
        8.5,
        12
      ],
      "rotation": {
        "origin": [
          7.5,
          6,
          9.5
        ],
        "axis": "z",
        "angle": -22.5
      },
      "faces": {
        "down": {
          "uv": [
            8.5,
            0,
            11,
            2.5
          ],
          "texture": "#texture"
        },
        "up": {
          "uv": [
            13.5,
            10,
            16,
            12.5
          ],
          "texture": "#texture"
        },
        "north": {
          "uv": [
            13.5,
            12.5,
            16,
            15
          ],
          "texture": "#texture"
        },
        "south": {
          "uv": [
            13.5,
            12.5,
            16,
            15
          ],
          "texture": "#texture"
        },
        "west": {
          "uv": [
            13.5,
            12.5,
            16,
            15
          ],
          "texture": "#texture"
        },
        "east": {
          "uv": [
            13.5,
            12.5,
            16,
            15
          ],
          "texture": "#texture"
        }
      }
    },
    {
      "__comment": "Orange",
      "from": [
        4,
        5,
        5.5
      ],
      "to": [
        6.5,
        7.5,
        8
      ],
      "rotation": {
        "origin": [
          4,
          5,
          5.5
        ],
        "axis": "y",
        "angle": -22.5
      },
      "faces": {
        "down": {
          "uv": [
            11,
            0,
            13.5,
            2.5
          ],
          "texture": "#texture"
        },
        "up": {
          "uv": [
            11,
            0,
            13.5,
            2.5
          ],
          "texture": "#texture"
        },
        "north": {
          "uv": [
            11,
            0,
            13.5,
            2.5
          ],
          "texture": "#texture"
        },
        "south": {
          "uv": [
            11,
            0,
            13.5,
            2.5
          ],
          "texture": "#texture"
        },
        "west": {
          "uv": [
            11,
            0,
            13.5,
            2.5
          ],
          "texture": "#texture"
        },
        "east": {
          "uv": [
            11,
            0,
            13.5,
            2.5
          ],
          "texture": "#texture"
        }
      }
    },
    {
      "__comment": "Green_Apple",
      "from": [
        9.5,
        4.5,
        9
      ],
      "to": [
        12,
        7,
        11.5
      ],
      "rotation": {
        "origin": [
          9.5,
          4.5,
          9
        ],
        "axis": "y",
        "angle": 22.5
      },
      "faces": {
        "down": {
          "uv": [
            13.5,
            2.5,
            16,
            5
          ],
          "texture": "#texture"
        },
        "up": {
          "uv": [
            13.5,
            5,
            16,
            7.5
          ],
          "texture": "#texture"
        },
        "north": {
          "uv": [
            16,
            7.5,
            13.5,
            10
          ],
          "texture": "#texture"
        },
        "south": {
          "uv": [
            16,
            7.5,
            13.5,
            10
          ],
          "texture": "#texture"
        },
        "west": {
          "uv": [
            13.5,
            7.5,
            16,
            10
          ],
          "texture": "#texture"
        },
        "east": {
          "uv": [
            13.5,
            7.5,
            16,
            10
          ],
          "texture": "#texture"
        }
      }
    },
    {
      "__comment": "Lemon",
      "from": [
        6,
        5,
        9.5
      ],
      "to": [
        8,
        7,
        11.5
      ],
      "faces": {
        "down": {
          "uv": [
            11.5,
            4.5,
            13.5,
            6.5
          ],
          "texture": "#texture"
        },
        "up": {
          "uv": [
            11.5,
            4.5,
            13.5,
            6.5
          ],
          "texture": "#texture"
        },
        "north": {
          "uv": [
            11.5,
            4.5,
            13.5,
            6.5
          ],
          "texture": "#texture"
        },
        "south": {
          "uv": [
            11.5,
            4.5,
            13.5,
            6.5
          ],
          "texture": "#texture"
        },
        "west": {
          "uv": [
            11.5,
            4.5,
            13.5,
            6.5
          ],
          "texture": "#texture"
        },
        "east": {
          "uv": [
            11.5,
            4.5,
            13.5,
            6.5
          ],
          "texture": "#texture"
        }
      }
    },
    {
      "__comment": "Green_Apple",
      "from": [
        4,
        5,
        8.5
      ],
      "to": [
        6.5,
        7.5,
        11
      ],
      "rotation": {
        "origin": [
          4,
          5,
          8.5
        ],
        "axis": "y",
        "angle": -22.5
      },
      "faces": {
        "down": {
          "uv": [
            13.5,
            2.5,
            16,
            5
          ],
          "texture": "#texture"
        },
        "up": {
          "uv": [
            13.5,
            5,
            16,
            7.5
          ],
          "texture": "#texture"
        },
        "north": {
          "uv": [
            13.5,
            7.5,
            16,
            10
          ],
          "texture": "#texture"
        },
        "south": {
          "uv": [
            16,
            7.5,
            13.5,
            10
          ],
          "texture": "#texture"
        },
        "west": {
          "uv": [
            13.5,
            7.5,
            16,
            10
          ],
          "texture": "#texture"
        },
        "east": {
          "uv": [
            13.5,
            7.5,
            16,
            10
          ],
          "texture": "#texture"
        }
      }
    },
    {
      "__comment": "Lemon",
      "from": [
        8,
        6,
        7.5
      ],
      "to": [
        10,
        8,
        9.5
      ],
      "faces": {
        "down": {
          "uv": [
            11.5,
            2.5,
            13.5,
            4.5
          ],
          "texture": "#texture"
        },
        "up": {
          "uv": [
            11.5,
            2.5,
            13.5,
            4.5
          ],
          "texture": "#texture"
        },
        "north": {
          "uv": [
            11.5,
            2.5,
            13.5,
            4.5
          ],
          "texture": "#texture"
        },
        "south": {
          "uv": [
            11.5,
            2.5,
            13.5,
            4.5
          ],
          "texture": "#texture"
        },
        "west": {
          "uv": [
            11.5,
            2.5,
            13.5,
            4.5
          ],
          "texture": "#texture"
        },
        "east": {
          "uv": [
            11.5,
            2.5,
            13.5,
            4.5
          ],
          "texture": "#texture"
        }
      }
    },
    {
      "__comment": "Green_Apple",
      "from": [
        6,
        4,
        4.25
      ],
      "to": [
        8.5,
        6.5,
        6.75
      ],
      "rotation": {
        "origin": [
          6,
          4,
          4.25
        ],
        "axis": "x",
        "angle": -22.5
      },
      "faces": {
        "down": {
          "uv": [
            13.5,
            2.5,
            16,
            5
          ],
          "texture": "#texture"
        },
        "up": {
          "uv": [
            13.5,
            2.5,
            16,
            5
          ],
          "texture": "#texture"
        },
        "north": {
          "uv": [
            13.5,
            0,
            16,
            2.5
          ],
          "texture": "#texture"
        },
        "south": {
          "uv": [
            13.5,
            0,
            16,
            2.5
          ],
          "texture": "#texture"
        },
        "west": {
          "uv": [
            13.5,
            0,
            16,
            2.5
          ],
          "texture": "#texture"
        },
        "east": {
          "uv": [
            13.5,
            0,
            16,
            2.5
          ],
          "texture": "#texture"
        }
      }
    },
    {
      "__comment": "Lemon",
      "from": [
        5.875,
        6.5,
        5.5
      ],
      "to": [
        7.875,
        8.5,
        7.5
      ],
      "rotation": {
        "origin": [
          5.875,
          6.5,
          5.5
        ],
        "axis": "x",
        "angle": -22.5
      },
      "faces": {
        "down": {
          "uv": [
            11.5,
            4.5,
            13.5,
            6.5
          ],
          "texture": "#texture"
        },
        "up": {
          "uv": [
            11.5,
            4.5,
            13.5,
            6.5
          ],
          "texture": "#texture"
        },
        "north": {
          "uv": [
            11.5,
            4.5,
            13.5,
            6.5
          ],
          "texture": "#texture"
        },
        "south": {
          "uv": [
            11.5,
            6.5,
            13.5,
            4.5
          ],
          "texture": "#texture"
        },
        "west": {
          "uv": [
            13.5,
            4.5,
            11.5,
            6.5
          ],
          "texture": "#texture"
        },
        "east": {
          "uv": [
            13.5,
            6.5,
            11.5,
            4.5
          ],
          "texture": "#texture"
        }
      }
    },
    {
      "__comment": "Apple",
      "from": [
        8,
        5.5,
        5
      ],
      "to": [
        10.5,
        8,
        7.5
      ],
      "faces": {
        "down": {
          "uv": [
            8.5,
            0,
            11,
            2.5
          ],
          "texture": "#texture"
        },
        "up": {
          "uv": [
            8.5,
            0,
            11,
            2.5
          ],
          "texture": "#texture"
        },
        "north": {
          "uv": [
            6,
            0,
            8.5,
            2.5
          ],
          "texture": "#texture"
        },
        "south": {
          "uv": [
            6,
            0,
            8.5,
            2.5
          ],
          "texture": "#texture"
        },
        "west": {
          "uv": [
            6,
            0,
            8.5,
            2.5
          ],
          "texture": "#texture"
        },
        "east": {
          "uv": [
            6,
            0,
            8.5,
            2.5
          ],
          "texture": "#texture"
        }
      }
    },
    {
      "__comment": "Orange",
      "from": [
        10,
        5,
        4
      ],
      "to": [
        12.5,
        7.5,
        6.5
      ],
      "rotation": {
        "origin": [
          10,
          5,
          4
        ],
        "axis": "y",
        "angle": 22.5
      },
      "faces": {
        "down": {
          "uv": [
            11,
            0,
            13.5,
            2.5
          ],
          "texture": "#texture"
        },
        "up": {
          "uv": [
            11,
            0,
            13.5,
            2.5
          ],
          "texture": "#texture"
        },
        "north": {
          "uv": [
            11,
            0,
            13.5,
            2.5
          ],
          "texture": "#texture"
        },
        "south": {
          "uv": [
            11,
            0,
            13.5,
            2.5
          ],
          "texture": "#texture"
        },
        "west": {
          "uv": [
            11,
            0,
            13.5,
            2.5
          ],
          "texture": "#texture"
        },
        "east": {
          "uv": [
            11,
            0,
            13.5,
            2.5
          ],
          "texture": "#texture"
        }
      }
    },
    {
      "__comment": "Cube22",
      "from": [
        6,
        2.5,
        14.5
      ],
      "to": [
        7,
        3.5,
        15.5
      ],
      "faces": {
        "down": {
          "uv": [
            12,
            6.5,
            13.5,
            8
          ],
          "texture": "#texture"
        },
        "up": {
          "uv": [
            12,
            6.5,
            13.5,
            8
          ],
          "texture": "#texture"
        },
        "north": {
          "uv": [
            12,
            6.5,
            13.5,
            8
          ],
          "texture": "#texture"
        },
        "south": {
          "uv": [
            12,
            6.5,
            13.5,
            8
          ],
          "texture": "#texture"
        },
        "west": {
          "uv": [
            12,
            6.5,
            13.5,
            8
          ],
          "texture": "#texture"
        },
        "east": {
          "uv": [
            12,
            6.5,
            13.5,
            8
          ],
          "texture": "#texture"
        }
      }
    },
    {
      "__comment": "Cube22",
      "from": [
        5.5,
        5.5,
        11.5
      ],
      "to": [
        6.5,
        6.5,
        12.5
      ],
      "faces": {
        "down": {
          "uv": [
            12,
            6.5,
            13.5,
            8
          ],
          "texture": "#texture"
        },
        "up": {
          "uv": [
            12,
            6.5,
            13.5,
            8
          ],
          "texture": "#texture"
        },
        "north": {
          "uv": [
            12,
            6.5,
            13.5,
            8
          ],
          "texture": "#texture"
        },
        "south": {
          "uv": [
            12,
            6.5,
            13.5,
            8
          ],
          "texture": "#texture"
        },
        "west": {
          "uv": [
            12,
            6.5,
            13.5,
            8
          ],
          "texture": "#texture"
        },
        "east": {
          "uv": [
            12,
            6.5,
            13.5,
            8
          ],
          "texture": "#texture"
        }
      }
    },
    {
      "__comment": "Cube22",
      "from": [
        4,
        5.5,
        12
      ],
      "to": [
        5,
        6.5,
        13
      ],
      "faces": {
        "down": {
          "uv": [
            12,
            6.5,
            13.5,
            8
          ],
          "texture": "#texture"
        },
        "up": {
          "uv": [
            12,
            6.5,
            13.5,
            8
          ],
          "texture": "#texture"
        },
        "north": {
          "uv": [
            12,
            6.5,
            13.5,
            8
          ],
          "texture": "#texture"
        },
        "south": {
          "uv": [
            12,
            6.5,
            13.5,
            8
          ],
          "texture": "#texture"
        },
        "west": {
          "uv": [
            12,
            6.5,
            13.5,
            8
          ],
          "texture": "#texture"
        },
        "east": {
          "uv": [
            12,
            6.5,
            13.5,
            8
          ],
          "texture": "#texture"
        }
      }
    },
    {
      "__comment": "Cube22",
      "from": [
        6.5,
        6,
        13
      ],
      "to": [
        7.5,
        7,
        14
      ],
      "faces": {
        "down": {
          "uv": [
            12,
            6.5,
            13.5,
            8
          ],
          "texture": "#texture"
        },
        "up": {
          "uv": [
            12,
            6.5,
            13.5,
            8
          ],
          "texture": "#texture"
        },
        "north": {
          "uv": [
            12,
            6.5,
            13.5,
            8
          ],
          "texture": "#texture"
        },
        "south": {
          "uv": [
            12,
            6.5,
            13.5,
            8
          ],
          "texture": "#texture"
        },
        "west": {
          "uv": [
            12,
            6.5,
            13.5,
            8
          ],
          "texture": "#texture"
        },
        "east": {
          "uv": [
            12,
            6.5,
            13.5,
            8
          ],
          "texture": "#texture"
        }
      }
    },
    {
      "__comment": "Cube22",
      "from": [
        5.5,
        5.5,
        14
      ],
      "to": [
        6.5,
        6.5,
        15
      ],
      "faces": {
        "down": {
          "uv": [
            12,
            6.5,
            13.5,
            8
          ],
          "texture": "#texture"
        },
        "up": {
          "uv": [
            12,
            6.5,
            13.5,
            8
          ],
          "texture": "#texture"
        },
        "north": {
          "uv": [
            12,
            6.5,
            13.5,
            8
          ],
          "texture": "#texture"
        },
        "south": {
          "uv": [
            12,
            6.5,
            13.5,
            8
          ],
          "texture": "#texture"
        },
        "west": {
          "uv": [
            12,
            6.5,
            13.5,
            8
          ],
          "texture": "#texture"
        },
        "east": {
          "uv": [
            12,
            6.5,
            13.5,
            8
          ],
          "texture": "#texture"
        }
      }
    },
    {
      "__comment": "Cube22",
      "from": [
        5.5,
        7,
        12.5
      ],
      "to": [
        6.5,
        8,
        13.5
      ],
      "faces": {
        "down": {
          "uv": [
            12,
            6.5,
            13.5,
            8
          ],
          "texture": "#texture"
        },
        "up": {
          "uv": [
            12,
            6.5,
            13.5,
            8
          ],
          "texture": "#texture"
        },
        "north": {
          "uv": [
            12,
            6.5,
            13.5,
            8
          ],
          "texture": "#texture"
        },
        "south": {
          "uv": [
            12,
            6.5,
            13.5,
            8
          ],
          "texture": "#texture"
        },
        "west": {
          "uv": [
            12,
            6.5,
            13.5,
            8
          ],
          "texture": "#texture"
        },
        "east": {
          "uv": [
            12,
            6.5,
            13.5,
            8
          ],
          "texture": "#texture"
        }
      }
    },
    {
      "__comment": "Cube22",
      "from": [
        6.5,
        5,
        13.5
      ],
      "to": [
        7.5,
        6,
        14.5
      ],
      "faces": {
        "down": {
          "uv": [
            12,
            6.5,
            13.5,
            8
          ],
          "texture": "#texture"
        },
        "up": {
          "uv": [
            12,
            6.5,
            13.5,
            8
          ],
          "texture": "#texture"
        },
        "north": {
          "uv": [
            12,
            6.5,
            13.5,
            8
          ],
          "texture": "#texture"
        },
        "south": {
          "uv": [
            12,
            6.5,
            13.5,
            8
          ],
          "texture": "#texture"
        },
        "west": {
          "uv": [
            12,
            6.5,
            13.5,
            8
          ],
          "texture": "#texture"
        },
        "east": {
          "uv": [
            12,
            6.5,
            13.5,
            8
          ],
          "texture": "#texture"
        }
      }
    },
    {
      "__comment": "Cube22",
      "from": [
        4.5,
        3.5,
        13.5
      ],
      "to": [
        5.5,
        4.5,
        14.5
      ],
      "faces": {
        "down": {
          "uv": [
            12,
            6.5,
            13.5,
            8
          ],
          "texture": "#texture"
        },
        "up": {
          "uv": [
            12,
            6.5,
            13.5,
            8
          ],
          "texture": "#texture"
        },
        "north": {
          "uv": [
            12,
            6.5,
            13.5,
            8
          ],
          "texture": "#texture"
        },
        "south": {
          "uv": [
            12,
            6.5,
            13.5,
            8
          ],
          "texture": "#texture"
        },
        "west": {
          "uv": [
            12,
            6.5,
            13.5,
            8
          ],
          "texture": "#texture"
        },
        "east": {
          "uv": [
            12,
            6.5,
            13.5,
            8
          ],
          "texture": "#texture"
        }
      }
    },
    {
      "__comment": "Cube22",
      "from": [
        4.5,
        5,
        13.5
      ],
      "to": [
        5.5,
        6,
        14.5
      ],
      "faces": {
        "down": {
          "uv": [
            12,
            6.5,
            13.5,
            8
          ],
          "texture": "#texture"
        },
        "up": {
          "uv": [
            12,
            6.5,
            13.5,
            8
          ],
          "texture": "#texture"
        },
        "north": {
          "uv": [
            12,
            6.5,
            13.5,
            8
          ],
          "texture": "#texture"
        },
        "south": {
          "uv": [
            12,
            6.5,
            13.5,
            8
          ],
          "texture": "#texture"
        },
        "west": {
          "uv": [
            12,
            6.5,
            13.5,
            8
          ],
          "texture": "#texture"
        },
        "east": {
          "uv": [
            12,
            6.5,
            13.5,
            8
          ],
          "texture": "#texture"
        }
      }
    },
    {
      "__comment": "Cube22",
      "from": [
        5,
        2.5,
        13.5
      ],
      "to": [
        6,
        3.5,
        14.5
      ],
      "faces": {
        "down": {
          "uv": [
            12,
            6.5,
            13.5,
            8
          ],
          "texture": "#texture"
        },
        "up": {
          "uv": [
            12,
            6.5,
            13.5,
            8
          ],
          "texture": "#texture"
        },
        "north": {
          "uv": [
            12,
            6.5,
            13.5,
            8
          ],
          "texture": "#texture"
        },
        "south": {
          "uv": [
            12,
            6.5,
            13.5,
            8
          ],
          "texture": "#texture"
        },
        "west": {
          "uv": [
            12,
            6.5,
            13.5,
            8
          ],
          "texture": "#texture"
        },
        "east": {
          "uv": [
            12,
            6.5,
            13.5,
            8
          ],
          "texture": "#texture"
        }
      }
    },
    {
      "__comment": "Cube22",
      "from": [
        5.5,
        1.5,
        14
      ],
      "to": [
        6.5,
        2.5,
        15
      ],
      "faces": {
        "down": {
          "uv": [
            12,
            6.5,
            13.5,
            8
          ],
          "texture": "#texture"
        },
        "up": {
          "uv": [
            12,
            6.5,
            13.5,
            8
          ],
          "texture": "#texture"
        },
        "north": {
          "uv": [
            12,
            6.5,
            13.5,
            8
          ],
          "texture": "#texture"
        },
        "south": {
          "uv": [
            12,
            6.5,
            13.5,
            8
          ],
          "texture": "#texture"
        },
        "west": {
          "uv": [
            12,
            6.5,
            13.5,
            8
          ],
          "texture": "#texture"
        },
        "east": {
          "uv": [
            12,
            6.5,
            13.5,
            8
          ],
          "texture": "#texture"
        }
      }
    },
    {
      "__comment": "Cube22",
      "from": [
        5.5,
        3.5,
        15
      ],
      "to": [
        6.5,
        4.5,
        16
      ],
      "faces": {
        "down": {
          "uv": [
            12,
            6.5,
            13.5,
            8
          ],
          "texture": "#texture"
        },
        "up": {
          "uv": [
            12,
            6.5,
            13.5,
            8
          ],
          "texture": "#texture"
        },
        "north": {
          "uv": [
            12,
            6.5,
            13.5,
            8
          ],
          "texture": "#texture"
        },
        "south": {
          "uv": [
            12,
            6.5,
            13.5,
            8
          ],
          "texture": "#texture"
        },
        "west": {
          "uv": [
            12,
            6.5,
            13.5,
            8
          ],
          "texture": "#texture"
        },
        "east": {
          "uv": [
            12,
            6.5,
            13.5,
            8
          ],
          "texture": "#texture"
        }
      }
    },
    {
      "__comment": "Cube22",
      "from": [
        6.5,
        3.5,
        14
      ],
      "to": [
        7.5,
        4.5,
        15
      ],
      "faces": {
        "down": {
          "uv": [
            12,
            6.5,
            13.5,
            8
          ],
          "texture": "#texture"
        },
        "up": {
          "uv": [
            12,
            6.5,
            13.5,
            8
          ],
          "texture": "#texture"
        },
        "north": {
          "uv": [
            12,
            6.5,
            13.5,
            8
          ],
          "texture": "#texture"
        },
        "south": {
          "uv": [
            12,
            6.5,
            13.5,
            8
          ],
          "texture": "#texture"
        },
        "west": {
          "uv": [
            12,
            6.5,
            13.5,
            8
          ],
          "texture": "#texture"
        },
        "east": {
          "uv": [
            12,
            6.5,
            13.5,
            8
          ],
          "texture": "#texture"
        }
      }
    },
    {
      "__comment": "Cube22",
      "from": [
        4.5,
        6,
        13
      ],
      "to": [
        5.5,
        7,
        14
      ],
      "faces": {
        "down": {
          "uv": [
            12,
            6.5,
            13.5,
            8
          ],
          "texture": "#texture"
        },
        "up": {
          "uv": [
            12,
            6.5,
            13.5,
            8
          ],
          "texture": "#texture"
        },
        "north": {
          "uv": [
            12,
            6.5,
            13.5,
            8
          ],
          "texture": "#texture"
        },
        "south": {
          "uv": [
            12,
            6.5,
            13.5,
            8
          ],
          "texture": "#texture"
        },
        "west": {
          "uv": [
            12,
            6.5,
            13.5,
            8
          ],
          "texture": "#texture"
        },
        "east": {
          "uv": [
            12,
            6.5,
            13.5,
            8
          ],
          "texture": "#texture"
        }
      }
    },
    {
      "__comment": "Cube22",
      "from": [
        6.5,
        6.5,
        12
      ],
      "to": [
        7.5,
        7.5,
        13
      ],
      "faces": {
        "down": {
          "uv": [
            12,
            6.5,
            13.5,
            8
          ],
          "texture": "#texture"
        },
        "up": {
          "uv": [
            12,
            6.5,
            13.5,
            8
          ],
          "texture": "#texture"
        },
        "north": {
          "uv": [
            12,
            6.5,
            13.5,
            8
          ],
          "texture": "#texture"
        },
        "south": {
          "uv": [
            12,
            6.5,
            13.5,
            8
          ],
          "texture": "#texture"
        },
        "west": {
          "uv": [
            12,
            6.5,
            13.5,
            8
          ],
          "texture": "#texture"
        },
        "east": {
          "uv": [
            12,
            6.5,
            13.5,
            8
          ],
          "texture": "#texture"
        }
      }
    },
    {
      "__comment": "Cube22",
      "from": [
        4.5,
        6.5,
        12
      ],
      "to": [
        5.5,
        7.5,
        13
      ],
      "faces": {
        "down": {
          "uv": [
            12,
            6.5,
            13.5,
            8
          ],
          "texture": "#texture"
        },
        "up": {
          "uv": [
            12,
            6.5,
            13.5,
            8
          ],
          "texture": "#texture"
        },
        "north": {
          "uv": [
            12,
            6.5,
            13.5,
            8
          ],
          "texture": "#texture"
        },
        "south": {
          "uv": [
            12,
            6.5,
            13.5,
            8
          ],
          "texture": "#texture"
        },
        "west": {
          "uv": [
            12,
            6.5,
            13.5,
            8
          ],
          "texture": "#texture"
        },
        "east": {
          "uv": [
            12,
            6.5,
            13.5,
            8
          ],
          "texture": "#texture"
        }
      }
    },
    {
      "__comment": "Cube22",
      "from": [
        5.5,
        6.5,
        13.5
      ],
      "to": [
        6.5,
        7.5,
        14.5
      ],
      "faces": {
        "down": {
          "uv": [
            12,
            6.5,
            13.5,
            8
          ],
          "texture": "#texture"
        },
        "up": {
          "uv": [
            12,
            6.5,
            13.5,
            8
          ],
          "texture": "#texture"
        },
        "north": {
          "uv": [
            12,
            6.5,
            13.5,
            8
          ],
          "texture": "#texture"
        },
        "south": {
          "uv": [
            12,
            6.5,
            13.5,
            8
          ],
          "texture": "#texture"
        },
        "west": {
          "uv": [
            12,
            6.5,
            13.5,
            8
          ],
          "texture": "#texture"
        },
        "east": {
          "uv": [
            12,
            6.5,
            13.5,
            8
          ],
          "texture": "#texture"
        }
      }
    },
    {
      "__comment": "Cube22",
      "from": [
        4.5,
        4,
        14.5
      ],
      "to": [
        5.5,
        5,
        15.5
      ],
      "faces": {
        "down": {
          "uv": [
            12,
            6.5,
            13.5,
            8
          ],
          "texture": "#texture"
        },
        "up": {
          "uv": [
            12,
            6.5,
            13.5,
            8
          ],
          "texture": "#texture"
        },
        "north": {
          "uv": [
            12,
            6.5,
            13.5,
            8
          ],
          "texture": "#texture"
        },
        "south": {
          "uv": [
            12,
            6.5,
            13.5,
            8
          ],
          "texture": "#texture"
        },
        "west": {
          "uv": [
            12,
            6.5,
            13.5,
            8
          ],
          "texture": "#texture"
        },
        "east": {
          "uv": [
            12,
            6.5,
            13.5,
            8
          ],
          "texture": "#texture"
        }
      }
    },
    {
      "__comment": "Cube22",
      "from": [
        5.5,
        4.5,
        13.5
      ],
      "to": [
        6.5,
        5.5,
        14.5
      ],
      "faces": {
        "down": {
          "uv": [
            12,
            6.5,
            13.5,
            8
          ],
          "texture": "#texture"
        },
        "up": {
          "uv": [
            12,
            6.5,
            13.5,
            8
          ],
          "texture": "#texture"
        },
        "north": {
          "uv": [
            12,
            6.5,
            13.5,
            8
          ],
          "texture": "#texture"
        },
        "south": {
          "uv": [
            12,
            6.5,
            13.5,
            8
          ],
          "texture": "#texture"
        },
        "west": {
          "uv": [
            12,
            6.5,
            13.5,
            8
          ],
          "texture": "#texture"
        },
        "east": {
          "uv": [
            12,
            6.5,
            13.5,
            8
          ],
          "texture": "#texture"
        }
      }
    },
    {
      "__comment": "Cube22",
      "from": [
        5.5,
        4.5,
        14.5
      ],
      "to": [
        6.5,
        5.5,
        15.5
      ],
      "faces": {
        "down": {
          "uv": [
            12,
            6.5,
            13.5,
            8
          ],
          "texture": "#texture"
        },
        "up": {
          "uv": [
            12,
            6.5,
            13.5,
            8
          ],
          "texture": "#texture"
        },
        "north": {
          "uv": [
            12,
            6.5,
            13.5,
            8
          ],
          "texture": "#texture"
        },
        "south": {
          "uv": [
            12,
            6.5,
            13.5,
            8
          ],
          "texture": "#texture"
        },
        "west": {
          "uv": [
            12,
            6.5,
            13.5,
            8
          ],
          "texture": "#texture"
        },
        "east": {
          "uv": [
            12,
            6.5,
            13.5,
            8
          ],
          "texture": "#texture"
        }
      }
    }
  ]
}
