{
  "__comment": "Designed_by_Alanbecker_with_BDcraft_Cubik_PRO_0.93_Beta_-_http://bdcraft.net",
  "ambientocclusion": false,
  "textures": {
    "particle": "block/toilet1",
    "toilet2": "block/toilet2"
  },
  "elements": [
    {
      "from": [
        0,
        4,
        2
      ],
      "to": [
        11.5,
        9,
        14
      ],
      "faces": {
        "down": {
          "uv": [
            12,
            16,
            6,
            10
          ],
          "texture": "#particle"
        },
        "north": {
          "uv": [
            0,
            6,
            6,
            8.5
          ],
          "texture": "#particle"
        },
        "south": {
          "uv": [
            0,
            6,
            6,
            8.5
          ],
          "texture": "#particle"
        },
        "west": {
          "uv": [
            0,
            6,
            6,
            8.5
          ],
          "texture": "#particle",
          "cullface": "west"
        },
        "east": {
          "uv": [
            0,
            6,
            6,
            8.5
          ],
          "texture": "#particle"
        }
      }
    },
    {
      "from": [
        3,
        0,
        4
      ],
      "to": [
        11.5,
        4,
        12
      ],
      "faces": {
        "down": {
          "uv": [
            6,
            6,
            0,
            0
          ],
          "texture": "#particle",
          "cullface": "down"
        },
        "north": {
          "uv": [
            12,
            12,
            16,
            14
          ],
          "texture": "#particle"
        },
        "south": {
          "uv": [
            12,
            12,
            16,
            14
          ],
          "texture": "#particle"
        },
        "west": {
          "uv": [
            12,
            12,
            16,
            14
          ],
          "texture": "#particle"
        },
        "east": {
          "uv": [
            12,
            12,
            16,
            14
          ],
          "texture": "#particle"
        }
      }
    },
    {
      "from": [
        9,
        23.5,
        2
      ],
      "to": [
        16,
        31.5,
        14
      ],
      "faces": {
        "down": {
          "uv": [
            0,
            4,
            6,
            7.5
          ],
          "texture": "#toilet2"
        },
        "up": {
          "uv": [
            0,
            4,
            6,
            7.5
          ],
          "texture": "#toilet2",
          "cullface": "up"
        },
        "north": {
          "uv": [
            9.5,
            0,
            13,
            4
          ],
          "texture": "#toilet2"
        },
        "south": {
          "uv": [
            6,
            0,
            9.5,
            4
          ],
          "texture": "#toilet2"
        },
        "west": {
          "uv": [
            0,
            0,
            6,
            4
          ],
          "texture": "#toilet2"
        },
        "east": {
          "uv": [
            0,
            0,
            6,
            4
          ],
          "texture": "#toilet2",
          "cullface": "east"
        }
      }
    },
    {
      "from": [
        11.5,
        9,
        2
      ],
      "to": [
        11.5625,
        20.5,
        14
      ],
      "faces": {
        "west": {
          "uv": [
            6,
            0,
            12,
            6
          ],
          "texture": "#particle",
          "cullface": "up"
        },
        "east": {
          "uv": [
            0,
            0,
            6,
            6
          ],
          "texture": "#particle",
          "cullface": "up"
        }
      }
    },
    {
      "from": [
        9,
        6,
        4
      ],
      "to": [
        9.0625,
        9,
        12
      ],
      "faces": {
        "west": {
          "uv": [
            0,
            8.5,
            4.5,
            10
          ],
          "texture": "#particle"
        }
      }
    },
    {
      "from": [
        0.5,
        6,
        4
      ],
      "to": [
        0.5625,
        9,
        12
      ],
      "faces": {
        "east": {
          "uv": [
            0,
            8.5,
            4.5,
            10
          ],
          "texture": "#particle"
        }
      }
    },
    {
      "from": [
        0.5,
        6,
        12
      ],
      "to": [
        9,
        9,
        12.0625
      ],
      "faces": {
        "north": {
          "uv": [
            0,
            8.5,
            4.5,
            10
          ],
          "texture": "#particle"
        }
      }
    },
    {
      "from": [
        0.5,
        6,
        4
      ],
      "to": [
        9,
        9,
        4.0625
      ],
      "faces": {
        "south": {
          "uv": [
            0,
            8.5,
            4.5,
            10
          ],
          "texture": "#particle"
        }
      }
    },
    {
      "from": [
        0.5,
        5.9375,
        4
      ],
      "to": [
        9,
        6,
        12
      ],
      "faces": {
        "up": {
          "uv": [
            0,
            10,
            4.5,
            14
          ],
          "texture": "#particle"
        }
      }
    },
    {
      "from": [
        0,
        8.9375,
        2
      ],
      "to": [
        2,
        9,
        14
      ],
      "shade": false,
      "faces": {
        "up": {
          "uv": [
            6,
            10,
            7,
            16
          ],
          "texture": "#particle"
        }
      }
    },
    {
      "from": [
        2,
        8.9375,
        2
      ],
      "to": [
        9,
        9,
        5
      ],
      "shade": false,
      "faces": {
        "up": {
          "uv": [
            7,
            10,
            11,
            11.5
          ],
          "texture": "#particle"
        }
      }
    },
    {
      "from": [
        2,
        8.9375,
        11
      ],
      "to": [
        9,
        9,
        14
      ],
      "shade": false,
      "faces": {
        "up": {
          "uv": [
            7,
            14.5,
            11,
            16
          ],
          "texture": "#particle"
        }
      }
    },
    {
      "from": [
        9,
        8.9375,
        2
      ],
      "to": [
        11.5,
        9,
        14
      ],
      "shade": false,
      "faces": {
        "up": {
          "uv": [
            11,
            10,
            12,
            16
          ],
          "texture": "#particle"
        }
      }
    },
    {
      "from": [
        11.5,
        20.5,
        3.5
      ],
      "to": [
        16,
        23.5,
        12.5
      ],
      "faces": {
        "down": {
          "uv": [
            0,
            7.5,
            4.5,
            9
          ],
          "texture": "#toilet2"
        },
        "up": {
          "uv": [
            0,
            7.5,
            4.5,
            9
          ],
          "texture": "#toilet2"
        },
        "north": {
          "uv": [
            6,
            4,
            8.5,
            5.5
          ],
          "texture": "#toilet2"
        },
        "south": {
          "uv": [
            6,
            4,
            8.5,
            5.5
          ],
          "texture": "#toilet2"
        },
        "west": {
          "uv": [
            0,
            9,
            4.5,
            10.5
          ],
          "texture": "#toilet2"
        },
        "east": {
          "uv": [
            0,
            9,
            4.5,
            10.5
          ],
          "texture": "#toilet2"
        }
      }
    },
    {
      "from": [
        11.5,
        6,
        7.5
      ],
      "to": [
        16,
        7,
        8.5
      ],
      "faces": {
        "down": {
          "uv": [
            14,
            13,
            16,
            13.5
          ],
          "texture": "#toilet2"
        },
        "up": {
          "uv": [
            14,
            13,
            16,
            13.5
          ],
          "texture": "#toilet2"
        },
        "north": {
          "uv": [
            14,
            13,
            16,
            13.5
          ],
          "texture": "#toilet2"
        },
        "south": {
          "uv": [
            14,
            13,
            16,
            13.5
          ],
          "texture": "#toilet2"
        },
        "east": {
          "uv": [
            15.5,
            13,
            16,
            13.5
          ],
          "texture": "#toilet2"
        }
      }
    },
    {
      "from": [
        15,
        7,
        7.5
      ],
      "to": [
        16,
        17,
        8.5
      ],
      "faces": {
        "north": {
          "uv": [
            15.5,
            7.5,
            16,
            13
          ],
          "texture": "#toilet2"
        },
        "south": {
          "uv": [
            15.5,
            7.5,
            16,
            13
          ],
          "texture": "#toilet2"
        },
        "west": {
          "uv": [
            15.5,
            7.5,
            16,
            13
          ],
          "texture": "#toilet2"
        },
        "east": {
          "uv": [
            15.5,
            7.5,
            16,
            13
          ],
          "texture": "#toilet2"
        }
      }
    },
    {
      "from": [
        9.5,
        11.5,
        14
      ],
      "to": [
        10.5,
        23.5,
        14.0625
      ],
      "faces": {
        "north": {
          "uv": [
            15.5,
            0,
            16,
            6
          ],
          "texture": "#toilet2"
        },
        "south": {
          "uv": [
            15.5,
            0,
            16,
            6
          ],
          "texture": "#toilet2"
        }
      }
    },
    {
      "from": [
        13,
        17,
        7.5
      ],
      "to": [
        16,
        18,
        8.5
      ],
      "faces": {
        "down": {
          "uv": [
            14.5,
            7.5,
            16,
            8
          ],
          "texture": "#toilet2"
        },
        "up": {
          "uv": [
            14.5,
            7.5,
            16,
            8
          ],
          "texture": "#toilet2"
        },
        "north": {
          "uv": [
            14.5,
            7.5,
            16,
            8
          ],
          "texture": "#toilet2"
        },
        "south": {
          "uv": [
            14.5,
            7.5,
            16,
            8
          ],
          "texture": "#toilet2"
        },
        "west": {
          "uv": [
            15.5,
            7.5,
            16,
            8
          ],
          "texture": "#toilet2"
        },
        "east": {
          "uv": [
            14.5,
            7.5,
            15,
            8
          ],
          "texture": "#toilet2"
        }
      }
    },
    {
      "from": [
        13,
        18,
        7.5
      ],
      "to": [
        14,
        21,
        8.5
      ],
      "faces": {
        "up": {
          "uv": [
            14.5,
            6,
            15,
            6.5
          ],
          "texture": "#toilet2"
        },
        "north": {
          "uv": [
            14.5,
            6,
            15,
            8
          ],
          "texture": "#toilet2"
        },
        "south": {
          "uv": [
            14.5,
            6,
            15,
            8
          ],
          "texture": "#toilet2"
        },
        "west": {
          "uv": [
            14.5,
            6,
            15,
            8
          ],
          "texture": "#toilet2"
        },
        "east": {
          "uv": [
            14.5,
            6,
            15,
            8
          ],
          "texture": "#toilet2"
        }
      }
    }
  ],
  "display": {
    "thirdperson_righthand": {
      "rotation": [
        62,
        41,
        0
      ],
      "translation": [
        0,
        0,
        0
      ],
      "scale": [
        0.4,
        0.4,
        0.4
      ]
    },
    "thirdperson_lefthand": {
      "rotation": [
        62,
        41,
        0
      ],
      "translation": [
        0,
        0,
        0
      ],
      "scale": [
        0.4,
        0.4,
        0.4
      ]
    },
    "ground": {
      "rotation": [
        0,
        0,
        0
      ],
      "translation": [
        0,
        0,
        0
      ],
      "scale": [
        1,
        1,
        1
      ]
    },
    "fixed": {
      "rotation": [
        0,
        90,
        0
      ],
      "translation": [
        0,
        0,
        0
      ],
      "scale": [
        1,
        1,
        1
      ]
    },
    "firstperson_righthand": {
      "rotation": [
        10,
        48,
        -3
      ],
      "translation": [
        -1.89,
        0,
        0
      ],
      "scale": [
        0.38,
        0.38,
        0.38
      ]
    },
    "firstperson_lefthand": {
      "rotation": [
        10,
        48,
        -3
      ],
      "translation": [
        -1.89,
        0,
        0
      ],
      "scale": [
        0.38,
        0.38,
        0.38
      ]
    },
    "gui": {
      "rotation": [
        30,
        45,
        0
      ],
      "translation": [
        0,
        0,
        0
      ],
      "scale": [
        0.625,
        0.625,
        0.625
      ]
    }
  }
}
