{
  "textures": {
    "particle": "block/cobblestone_pole",
    "wall": "block/cobblestone_pole",
    "cobblestone_pole_side": "block/cobblestone_pole_side"
  },
  "elements": [
    {
      "__comment": "Center_post",
      "from": [
        4,
        0,
        4
      ],
      "to": [
        12,
        16,
        12
      ],
      "faces": {
        "down": {
          "uv": [
            8,
            0,
            16,
            8
          ],
          "texture": "#wall",
          "cullface": "down"
        },
        "up": {
          "uv": [
            8,
            0,
            16,
            8
          ],
          "texture": "#wall"
        },
        "north": {
          "uv": [
            0,
            0,
            8,
            16
          ],
          "texture": "#wall"
        },
        "south": {
          "uv": [
            0,
            0,
            8,
            16
          ],
          "texture": "#wall"
        },
        "west": {
          "uv": [
            0,
            0,
            8,
            16
          ],
          "texture": "#wall"
        },
        "east": {
          "uv": [
            0,
            0,
            8,
            16
          ],
          "texture": "#wall"
        }
      }
    },
    {
      "__comment": "North_wall",
      "from": [
        5,
        0,
        0
      ],
      "to": [
        11,
        13,
        4
      ],
      "faces": {
        "down": {
          "uv": [
            0,
            12,
            6,
            16
          ],
          "texture": "#cobblestone_pole_side",
          "cullface": "down"
        },
        "up": {
          "uv": [
            0,
            12,
            6,
            16
          ],
          "texture": "#cobblestone_pole_side"
        },
        "north": {
          "uv": [
            0,
            3,
            6,
            16
          ],
          "texture": "#cobblestone_pole_side",
          "cullface": "north"
        },
        "south": {
          "uv": [
            0,
            3,
            6,
            16
          ],
          "texture": "#cobblestone_pole_side",
          "cullface": "south"
        },
        "west": {
          "uv": [
            0,
            3,
            4,
            16
          ],
          "texture": "#cobblestone_pole_side"
        },
        "east": {
          "uv": [
            0,
            3,
            4,
            16
          ],
          "texture": "#cobblestone_pole_side"
        }
      }
    }
  ]
}
